"id","prediccion"
NA,6.56662223263993e-07
3927251,0.00189904379658401
3927201,0.00189904379658401
3925501,0.00189904379658401
NA,6.56662223263993e-07
3924551,0.15022212266922
3924301,0.00189904379658401
3924151,0.022680876776576
3923901,0.000416057766415179
3923101,0.00189904379658401
3922701,0.0124418055638671
NA,6.56662223263993e-07
3921551,0.022680876776576
3921301,0.0771827772259712
3920751,0.149746134877205
3920201,0.133938327431679
NA,6.56662223263993e-07
NA,6.56662223263993e-07
3919351,7.79889603563788e-07
3918651,0.00189904379658401
3918051,0.00189904379658401
3917201,0.00126784562598914
3916551,1.40317706609494e-05
3916951,0.0264592934399843
3916051,1.393112961523e-05
3914951,4.28220955654979e-05
3914701,0.00189904379658401
3914251,0.00126784562598914
3913801,0.00189904379658401
3913351,0.00189904379658401
3913401,0.00189904379658401
NA,6.56662223263993e-07
3913001,0.00189904379658401
NA,6.56662223263993e-07
3902251,0.149356171488762
3910301,0.00189904379658401
3909701,0.022680876776576
3908301,0.0479009076952934
NA,6.56662223263993e-07
NA,6.56662223263993e-07
3906901,0.0809263363480568
3906401,0.0479009076952934
3905601,0.00126784562598914
3904801,0.00126784562598914
3903901,0.0377977900207043
3904151,0.00342126633040607
3671701,0.149356171488762
3903301,0.00126784562598914
NA,6.56662223263993e-07
3900001,0.000769905338529497
3901451,0.022680876776576
3901301,3.39066209562588e-05
3899701,4.28220955654979e-05
NA,6.56662223263993e-07
NA,6.56662223263993e-07
3898201,0.0067598600871861
3897701,0.00189904379658401
3897401,6.27638073638082e-05
3896301,4.28220955654979e-05
3896451,0.15022212266922
3896601,0.0264592934399843
3896551,0.0454067550599575
3895951,0.00189904379658401
3895701,4.28220955654979e-05
3893951,0.00189904379658401
3893101,0.00234442017972469
3893001,0.00189904379658401
3891701,0.15022212266922
3891501,0.15022212266922
NA,6.56662223263993e-07
3890101,0.149356171488762
NA,6.56662223263993e-07
NA,6.56662223263993e-07
NA,6.56662223263993e-07
3886251,0.00168962124735117
NA,6.56662223263993e-07
NA,6.56662223263993e-07
3884601,0.00189904379658401
3883901,4.28220955654979e-05
3883551,0.245295569300652
3883351,0.0809263363480568
3882201,0.15022212266922
3882001,0.00126784562598914
3882051,0.0809263363480568
NA,6.56662223263993e-07
3881251,0.0479009076952934
3880251,0.00189904379658401
3880051,0.000416057766415179
3879951,0.0124418055638671
3879701,0.0479009076952934
3707851,0.689187824726105
3879101,0.00189904379658401
3878401,0.00189904379658401
3877901,0.906120419502258
3877201,0.0067598600871861
3868101,0.0377977900207043
3567501,0.798003017902374
3872351,0.00189904379658401
3870451,0.00189904379658401
3870001,0.0917183384299278
NA,6.56662223263993e-07
3868851,0.00929691549390554
3867951,0.0185807626694441
3868001,0.0479009076952934
NA,6.56662223263993e-07
3866301,0.00879427138715982
3866051,0.149356171488762
3865301,0.00151916616596282
3864651,0.00189904379658401
NA,6.56662223263993e-07
3861901,0.000769905338529497
3861701,0.00268741534091532
NA,6.56662223263993e-07
3861001,0.00189904379658401
3860701,0.00234442017972469
3860651,0.0206729061901569
3860451,0.997971951961517
3859901,0.149356171488762
3859851,0.0124418055638671
3859601,0.0771827772259712
3859401,0.0771827772259712
NA,6.56662223263993e-07
NA,6.56662223263993e-07
3857451,0.00189904379658401
3857201,0.0809263363480568
3854451,0.017744017764926
3856301,0.00189904379658401
3855751,0.0454067550599575
3855451,0.00268741534091532
NA,6.56662223263993e-07
3854551,0.0576143749058247
3854351,0.00126784562598914
3854301,0.00189904379658401
3853701,0.0196555685251951
3851451,0.00268741534091532
3851001,4.28220955654979e-05
3850701,0.906120419502258
3850601,0.00189904379658401
3850201,0.00126784562598914
3849651,0.0479009076952934
NA,6.56662223263993e-07
NA,6.56662223263993e-07
3848401,0.00189904379658401
3847501,0.00268741534091532
3847351,0.00126784562598914
NA,6.56662223263993e-07
3846451,0.00189904379658401
3845501,0.00246265786699951
3845301,0.839075028896332
3844801,0.0126180024817586
3843751,0.00268741534091532
NA,6.56662223263993e-07
3843201,0.00189904379658401
NA,6.56662223263993e-07
NA,6.56662223263993e-07
3841551,0.022680876776576
3841201,0.0479009076952934
3841801,0.00189904379658401
3841051,0.00268741534091532
3840701,0.00189904379658401
3839501,0.0479009076952934
3838351,0.0432290062308311
3837501,0.00268741534091532
3837451,0.00189904379658401
3836751,0.0479009076952934
NA,6.56662223263993e-07
3835901,0.00234442017972469
3835301,0.0124418055638671
3834501,0.0318215787410736
3834401,0.00151916616596282
NA,6.56662223263993e-07
3834151,0.00189904379658401
3833301,0.00234442017972469
NA,6.56662223263993e-07
3831751,7.58015403334866e-06
3831401,0.00189904379658401
3830151,0.0107149658724666
3829451,0.00976309087127447
NA,6.56662223263993e-07
NA,6.56662223263993e-07
3828351,0.000416057766415179
3828451,0.0264592934399843
3828001,0.00189904379658401
3826151,0.00189904379658401
3825251,0.000386315048672259
3823601,0.020779874175787
3823901,0.022680876776576
3823551,0.280138909816742
3823351,0.00133186089806259
3821551,0.149356171488762
3822101,0.00246265786699951
NA,6.56662223263993e-07
NA,6.56662223263993e-07
NA,6.56662223263993e-07
3820951,0.00268741534091532
3820701,0.00222584884613752
3820101,0.022680876776576
3819701,0.022680876776576
3819301,3.39066209562588e-05
3819201,0.15022212266922
NA,6.56662223263993e-07
NA,6.56662223263993e-07
NA,6.56662223263993e-07
NA,6.56662223263993e-07
3813251,0.0318215787410736
3813601,0.0544194355607033
NA,6.56662223263993e-07
3809951,0.15022212266922
3809201,0.003189901355654
NA,6.56662223263993e-07
3808401,0.0067598600871861
NA,6.56662223263993e-07
NA,6.56662223263993e-07
3806551,0.0124418055638671
3806201,0.00353761366568506
3805751,0.0479009076952934
3805301,7.37787413527258e-05
3804951,0.000416057766415179
3804851,0.00189904379658401
3804351,0.00268741534091532
3804051,0.0067598600871861
3803901,0.00189904379658401
NA,6.56662223263993e-07
NA,6.56662223263993e-07
NA,6.56662223263993e-07
3801151,0.00246265786699951
NA,6.56662223263993e-07
3800151,0.00189904379658401
3799751,7.58015403334866e-06
3799701,0.00189904379658401
3799051,0.00189904379658401
3799001,0.15022212266922
3798251,0.00126784562598914
NA,6.56662223263993e-07
3797401,0.0196555685251951
NA,6.56662223263993e-07
3796901,0.0479009076952934
3796051,0.0153439454734325
3794601,0.00126784562598914
3793551,0.0153519352898002
NA,6.56662223263993e-07
3789451,0.000386315048672259
3791001,0.949801385402679
NA,6.56662223263993e-07
3789301,0.00268741534091532
NA,6.56662223263993e-07
NA,6.56662223263993e-07
3788101,0.0318215787410736
NA,6.56662223263993e-07
NA,6.56662223263993e-07
3787651,0.0318215787410736
3787101,0.0318215787410736
NA,6.56662223263993e-07
NA,6.56662223263993e-07
3785651,0.00882983114570379
NA,6.56662223263993e-07
3784251,0.15022212266922
3784151,0.0124418055638671
NA,6.56662223263993e-07
NA,6.56662223263993e-07
NA,6.56662223263993e-07
3782451,0.15022212266922
3781701,0.0318215787410736
3782651,0.0107149658724666
3780951,0.15022212266922
3780501,0.906120419502258
3779201,0.24172355234623
3778951,0.000415926711866632
NA,6.56662223263993e-07
3777501,0.00189904379658401
3776701,0.15022212266922
3776401,0.0124418055638671
3775401,0.0479009076952934
3774901,0.000769905338529497
3773901,0.0153439454734325
3773951,0.0067598600871861
3772451,0.00268741534091532
3772201,0.0317113250494003
3772101,0.000436946051195264
3770151,0.00126784562598914
3769801,0.00268741534091532
3591401,0.00431909877806902
3768351,0.0187368728220463
3766601,0.0377977900207043
3766351,0.00189904379658401
3766251,0.245295569300652
3764901,0.00189904379658401
3764401,0.15022212266922
3764051,0.15022212266922
3764201,0.00268741534091532
3763701,0.15022212266922
3763551,0.0264592934399843
NA,6.56662223263993e-07
3761901,0.00268741534091532
3761851,0.00268741534091532
3759251,0.15022212266922
3757301,0.00268741534091532
3757051,0.00882983114570379
3756801,0.0124418055638671
3756701,0.0318215787410736
3756751,0.0142861912027001
3756401,0.00882983114570379
3755951,0.906120419502258
NA,6.56662223263993e-07
3755051,0.022680876776576
NA,6.56662223263993e-07
3754401,0.0432290062308311
NA,6.56662223263993e-07
NA,6.56662223263993e-07
NA,6.56662223263993e-07
3753151,0.00268741534091532
3753051,0.0142861912027001
NA,6.56662223263993e-07
NA,6.56662223263993e-07
NA,6.56662223263993e-07
NA,6.56662223263993e-07
3752351,0.132618278264999
3750101,0.149356171488762
3751151,0.00268741534091532
3749451,0.0318215787410736
NA,6.56662223263993e-07
NA,6.56662223263993e-07
3748151,0.00234442017972469
3748101,0.00268741534091532
3747751,0.000248692987952381
3745201,0.15022212266922
3744401,0.0368752591311932
NA,6.56662223263993e-07
NA,6.56662223263993e-07
2426051,0.867728292942047
3741201,0.00268741534091532
3705251,1.40317706609494e-05
3740551,0.0318215787410736
3739551,0.15022212266922
3738551,0.000755532353650779
3738401,0.00268741534091532
3738001,0.000164835029863752
3737851,0.028037516400218
3736051,0.00758958235383034
3735901,0.0479009076952934
3735751,0.351230353116989
3735151,0.351230353116989
3735801,0.00133186089806259
3735201,0.0318215787410736
3734901,0.420896708965302
3733651,0.0432290062308311
3733701,0.0479009076952934
3733551,0.00268741534091532
3733501,0.0067598600871861
3733051,0.0142861912027001
3732501,0.0771827772259712
3732151,0.0318215787410736
3728351,0.00268741534091532
3727751,0.00234442017972469
3725801,0.15022212266922
3725751,0.00879427138715982
3724951,0.022680876776576
3724301,0.00496076233685017
3723701,0.127543047070503
3724051,0.00268741534091532
3723501,0.0067598600871861
3723351,0.00268741534091532
3722901,0.00268741534091532
3721701,0.00189904379658401
3721251,0.245295569300652
3721101,0.00268741534091532
3720351,0.000248692987952381
3719951,0.500540494918823
3718451,0.00268741534091532
3718351,0.150708675384521
3717401,0.000769905338529497
3716551,0.000250592827796936
3715551,0.00189904379658401
3711651,0.00172574748285115
3711501,0.00189904379658401
3709301,0.00280854478478432
3709151,0.15022212266922
3708501,0.0771827772259712
NA,6.56662223263993e-07
3706451,0.15022212266922
3704951,0.00268741534091532
3704301,0.0107149658724666
3703251,0.022680876776576
3702501,0.15022212266922
3667201,5.48771913599921e-06
3697651,0.000769905338529497
3697351,0.00268741534091532
3697201,0.15022212266922
3696751,0.15022212266922
3694401,0.0124418055638671
3693951,0.351230353116989
3693901,0.00268741534091532
3693651,0.00268741534091532
3693551,0.15022212266922
3692751,0.15022212266922
NA,6.56662223263993e-07
3690251,7.58015403334866e-06
3690201,0.00268741534091532
3689451,0.15022212266922
3689551,0.00268741534091532
3689401,0.0809263363480568
3688851,0.000525059585925192
3688901,0.00353761366568506
3688801,0.00496076233685017
3687901,0.022680876776576
3686301,0.022680876776576
3684151,1.05799408629537e-05
3680301,0.00268741534091532
3676951,0.022680876776576
3676401,0.0196555685251951
3674751,3.488589754852e-06
3674201,0.245295569300652
3670851,0.245295569300652
3670651,0.0319715328514576
3668251,0.15022212266922
3665351,0.00234442017972469
3665301,0.0479009076952934
3665401,0.00353761366568506
3658851,0.00976309087127447
3661401,0.00189904379658401
3659951,0.00268741534091532
3658101,0.00268741534091532
3657301,0.0124418055638671
3655301,0.00268741534091532
3653751,0.132618278264999
3652351,0.00268741534091532
3651401,0.022680876776576
3651551,0.022680876776576
3650601,0.000135388268972747
3650151,0.0318215787410736
3648851,0.00189904379658401
3648301,0.15022212266922
3645401,0.022680876776576
3643401,0.0432290062308311
3642751,3.488589754852e-06
NA,6.56662223263993e-07
3640151,0.00268741534091532
3638801,0.00268741534091532
3637201,0.000769905338529497
3636151,0.00189904379658401
3635251,0.00690768100321293
3632401,0.0124418055638671
3625701,0.0264592934399843
3624351,0.00268741534091532
3624301,0.00247691501863301
3623751,0.0318215787410736
NA,6.56662223263993e-07
3622751,0.00268741534091532
3622651,0.0454067550599575
3622801,0.00168962124735117
3622701,0.00268741534091532
3622001,0.0479009076952934
3621151,0.00268741534091532
3620351,0.00189904379658401
3620151,0.00268741534091532
3619551,0.00268741534091532
3619651,0.00342126633040607
3619601,0.00268741534091532
3619301,0.00268741534091532
3619151,0.00268741534091532
3619251,0.00222584884613752
3619201,0.00126784562598914
3618651,0.0067598600871861
3618351,0.0264592934399843
3617851,0.0153519352898002
3617801,0.00268741534091532
3617551,0.00268741534091532
3617301,0.00172574748285115
3617201,0.00046026599011384
3616751,0.00189904379658401
3616801,0.0809263363480568
3616851,0.0124418055638671
3616601,0.0809263363480568
3616051,0.00268741534091532
3616101,0.00126784562598914
3615551,0.317272484302521
3615901,0.00168962124735117
3615951,0.0124418055638671
3616001,0.00189904379658401
3615001,0.00268741534091532
3615101,0.00268741534091532
3614651,0.00353761366568506
2844201,0.280806452035904
3613951,0.0809263363480568
3613451,0.00189904379658401
3613401,0.0124418055638671
3613251,0.00234442017972469
3611801,0.020779874175787
3612751,0.00268741534091532
3612251,0.00268741534091532
3611751,0.00250045699067414
3611301,0.0145936068147421
3610301,0.00268741534091532
3610201,0.0809263363480568
3610251,0.00250045699067414
3609551,0.00151479081250727
3609451,0.000436946051195264
3608701,0.0809263363480568
3608751,0.0432290062308311
3608301,0.00189904379658401
3607951,0.0124418055638671
3607501,0.00806787330657244
3607251,0.000436946051195264
3606901,0.00268741534091532
3606601,0.0067598600871861
3606451,0.0196555685251951
3606301,0.00268741534091532
3606201,0.00268741534091532
3606101,0.15022212266922
3605451,0.0432290062308311
3604951,0.149356171488762
3604901,0.00268741534091532
3604851,0.00268741534091532
3604801,1.11141016532201e-05
3604251,0.00268741534091532
3604201,0.00268741534091532
3604301,0.00189904379658401
3604001,0.00189904379658401
3603601,0.906120419502258
3603951,0.0809263363480568
3603451,0.00268741534091532
3603501,0.00133186089806259
3603001,0.00189904379658401
3603051,0.00268741534091532
3602801,0.00268741534091532
3602751,0.15022212266922
3602501,0.00268741534091532
3602351,0.00268741534091532
3602451,0.00112400122452527
3602401,0.00268741534091532
3601701,0.317272484302521
3602001,0.00268741534091532
3601901,0.00268741534091532
3601501,0.00268741534091532
3601551,0.00250045699067414
3600601,0.0067598600871861
3600651,0.0454067550599575
3600201,0.00268741534091532
3600151,0.00133186089806259
3599901,0.00268741534091532
3599451,0.00879427138715982
3599351,0.00168962124735117
3599301,0.00189904379658401
3599001,0.0107149658724666
3599051,0.00189904379658401
3598751,0.0264592934399843
3598001,0.022680876776576
3597551,0.00289971311576664
3597601,0.00133186089806259
3597251,0.022680876776576
3597151,0.0809263363480568
3596351,0.00250045699067414
3595051,0.00268741534091532
3595001,0.00189904379658401
3594751,0.0479009076952934
3594451,0.0107149658724666
3593701,0.839075028896332
NA,6.56662223263993e-07
3592601,0.0809263363480568
3592451,0.00815910380333662
3592301,0.00268741534091532
3592251,0.0454067550599575
3590151,0.00268741534091532
3589651,0.15022212266922
3589251,0.00268741534091532
3589301,0.00250045699067414
3589051,0.00806787330657244
2868351,0.280806452035904
3588001,0.00268741534091532
3586051,0.0377977900207043
3588501,0.00268741534091532
3588551,0.00268741534091532
3583251,0.000436946051195264
3583501,0.00126784562598914
3582901,0.00806787330657244
3582451,0.0377977900207043
3582651,0.15022212266922
3582351,0.00268741534091532
3581701,0.00268741534091532
3578251,0.0368752591311932
3577951,0.000248692987952381
3051651,0.96405690908432
3570551,0.15022212266922
3567551,0.00189904379658401
3562801,0.0318215787410736
3561101,0.723433971405029
3559451,1.1434859743531e-06
3560001,0.0479009076952934
3558451,0.00165888771880418
3558351,0.15022212266922
3558201,0.497530788183212
3557701,0.000416057766415179
3556551,0.00431709131225944
3556051,0.00268741534091532
3555551,0.022680876776576
3553701,0.0544194355607033
3553651,0.00189904379658401
3553751,0.00133186089806259
3553301,0.00268741534091532
3553251,0.00268741534091532
3552601,8.15297389635816e-05
3550551,0.000703497265931219
3548901,0.00222584884613752
3548201,0.045726265758276
3548251,0.00189904379658401
3547801,0.00268741534091532
3547251,0.00268741534091532
3546151,3.6402147429726e-07
2829351,0.0852158442139626
3543751,8.15297389635816e-05
3543701,0.0368752591311932
3542401,0.0153519352898002
3542101,0.022680876776576
3541501,0.000218119326746091
3541551,0.000218119326746091
3540801,0.00040431073284708
3168301,0.0016936055617407
3539501,1.1340213859512e-05
3539151,0.000129318475956097
3539051,0.022680876776576
3532251,0.00882983114570379
3529651,0.188905939459801
3527801,0.00929691549390554
3527851,0.00123058445751667
3527001,0.00189904379658401
3525701,4.88588375446852e-06
3525651,0.00189904379658401
3523051,0.00250045699067414
3522301,0.000436946051195264
3517801,0.15022212266922
3517351,0.0479009076952934
3516451,0.15022212266922
3516101,0.00189904379658401
3515501,0.00189904379658401
2920951,0.280806452035904
3511501,0.00189904379658401
3509801,0.0512052513659
3508701,0.00227906811051071
3508001,0.00149078876711428
3507951,0.0126180024817586
3506651,0.00929691549390554
3505201,0.00227906811051071
3502901,0.000436946051195264
3502601,0.00268741534091532
3502501,0.0479009076952934
3502451,0.0161584131419659
3502401,0.00250045699067414
3502251,0.00885854754596949
3501051,0.0153519352898002
3500801,0.00268741534091532
3499651,0.00227906811051071
NA,6.56662223263993e-07
NA,6.56662223263993e-07
NA,6.56662223263993e-07
NA,6.56662223263993e-07
3498001,4.66426490675076e-06
3497851,6.40406433376484e-05
3497451,0.00268741534091532
NA,6.56662223263993e-07
NA,6.56662223263993e-07
NA,6.56662223263993e-07
NA,6.56662223263993e-07
3493051,0.150708675384521
3492851,0.000436946051195264
3490551,0.00129921699408442
NA,6.56662223263993e-07
NA,6.56662223263993e-07
3489751,0.00913428235799074
NA,6.56662223263993e-07
NA,6.56662223263993e-07
3489401,0.00268741534091532
3488851,0.0479009076952934
3486951,0.15022212266922
3486751,0.000326729059452191
3486401,0.00227906811051071
3484051,6.40406433376484e-05
3484101,8.15297389635816e-05
3483001,8.15297389635816e-05
3482951,1.96146847883938e-05
3482401,0.00268741534091532
3479801,0.00268741534091532
3479751,0.0264592934399843
3477851,6.11676114203874e-06
3476201,3.454351099208e-05
3474951,0.000519864028319716
3474201,0.00227906811051071
3473701,0.00929691549390554
3473651,9.20912279980257e-05
3472651,0.00268741534091532
3472551,6.40406433376484e-05
3470701,0.0124418055638671
3470351,0.00836132001131773
3470751,0.00268741534091532
3468951,0.00377237843349576
3468401,0.00268741534091532
3466001,0.000436946051195264
3193951,0.745815932750702
3461251,0.00268741534091532
NA,6.56662223263993e-07
3459751,0.00268741534091532
3459151,0.15022212266922
NA,6.56662223263993e-07
3458351,0.00222584884613752
3457951,9.20912279980257e-05
NA,6.56662223263993e-07
NA,6.56662223263993e-07
3457101,0.00882983114570379
3456951,4.96746361022815e-05
3456751,0.000415926711866632
3456201,9.20912279980257e-05
3455551,0.00882983114570379
3454651,0.00268741534091532
3454351,3.78792065021116e-05
3453801,0.00268741534091532
3453201,0.00250045699067414
3453151,0.000231053287279792
3452051,9.20912279980257e-05
3451401,0.00126784562598914
3451501,0.000436946051195264
3449251,0.00268741534091532
3447901,0.00882983114570379
3447551,6.11676114203874e-06
3445501,0.000136412782012485
3444951,0.0512052513659
3441901,0.00707599613815546
NA,6.56662223263993e-07
NA,6.56662223263993e-07
3435751,0.15022212266922
3435551,6.50259971735068e-05
3434951,0.00882983114570379
3434751,6.11676114203874e-06
3433251,0.00189904379658401
3432251,0.00268741534091532
3432001,0.000461935327621177
3432051,0.00882983114570379
3431751,0.022680876776576
3431601,6.11676114203874e-06
3431051,4.66426490675076e-06
3430951,1.1340213859512e-05
3430601,8.15297389635816e-05
3429951,0.00882983114570379
3429601,0.00189904379658401
3429151,0.000436946051195264
3429051,6.50259971735068e-05
3428901,0.00189904379658401
3428401,0.00126784562598914
3427601,0.00189904379658401
3427201,0.00250045699067414
3427001,0.00189904379658401
3426601,0.000856075203046203
3426401,0.00189904379658401
3426251,8.15297389635816e-05
3425301,6.50259971735068e-05
3425101,0.00268741534091532
3425051,6.11676114203874e-06
3424701,0.00268741534091532
3424801,0.00189904379658401
3424451,0.00268741534091532
3424301,0.00222584884613752
3424151,0.00268741534091532
3423851,0.00882983114570379
3422351,6.50259971735068e-05
3422151,0.00189904379658401
3421801,0.000384051294531673
3421451,0.00189904379658401
3421101,0.00189904379658401
3420351,0.0404694825410843
3420401,0.00168962124735117
3418751,6.50259971735068e-05
3418251,0.00189904379658401
3416401,6.50259971735068e-05
3415651,0.00189904379658401
3415501,0.00268741534091532
3414201,6.11676114203874e-06
3413801,0.0104547599330544
3413751,0.00189904379658401
3413101,0.00189904379658401
3412551,0.032038614153862
3412251,0.00222584884613752
NA,6.56662223263993e-07
3410801,0.000804660026915371
3410651,0.00189904379658401
3410601,0.00189904379658401
3409901,4.42461259808624e-06
3409451,9.20912279980257e-05
3408751,0.00189904379658401
3407601,0.000415926711866632
3406701,0.00222584884613752
3402751,0.00165888771880418
3402651,0.000436946051195264
3402501,0.00189904379658401
3401701,0.0106529481709003
3401201,6.50259971735068e-05
3401251,0.00222584884613752
3401001,0.00189904379658401
NA,6.56662223263993e-07
3400301,0.022680876776576
3399951,0.000415926711866632
3399501,4.66426490675076e-06
3399551,0.00189904379658401
3399251,0.00189904379658401
3397451,1.1340213859512e-05
3396251,1.15140528578195e-06
3395951,0.15022212266922
3395801,0.00189904379658401
3394801,0.000213774997973815
3394301,4.66426490675076e-06
3393651,3.78792065021116e-05
3392451,0.000415926711866632
3392351,0.000777746143285185
3392251,1.1340213859512e-05
3389951,2.91911401291145e-05
3389451,0.00189904379658401
3388751,4.42461259808624e-06
3388401,1.1340213859512e-05
3386101,0.000856075203046203
3386001,0.00189904379658401
3385751,0.00222584884613752
3383001,0.00189904379658401
NA,6.56662223263993e-07
3381951,0.00189904379658401
3381051,1.1340213859512e-05
3378001,0.00222584884613752
3377401,3.78792065021116e-05
3375901,0.0153519352898002
3373701,6.11676114203874e-06
NA,6.56662223263993e-07
3370251,0.00165888771880418
3370151,5.78691142436583e-05
3369601,0.00189904379658401
3369451,6.11676114203874e-06
3368051,0.00189904379658401
3367451,4.66426490675076e-06
NA,6.56662223263993e-07
3365151,1.1340213859512e-05
3363301,0.0422399193048477
3362301,0.00882983114570379
3360701,4.66426490675076e-06
3354951,6.11676114203874e-06
3352951,0.000166332727530971
3352451,0.00189904379658401
3349801,6.11676114203874e-06
3349701,0.00189904379658401
3344651,0.022680876776576
3344351,0.022680876776576
3341101,1.1340213859512e-05
3335401,0.000166332727530971
3334951,0.00882983114570379
3334051,1.1340213859512e-05
3332451,0.00170311890542507
3329551,0.00189904379658401
NA,6.56662223263993e-07
NA,6.56662223263993e-07
3328451,0.000519594992510974
3321201,1.1434859743531e-06
3320001,0.00222584884613752
3319501,0.00222584884613752
3319051,0.00165888771880418
3318501,4.66426490675076e-06
3318701,0.000519594992510974
3317251,1.4557316490027e-06
3317101,0.000613700540270656
3316701,0.00268741534091532
3314451,0.627400875091553
3314051,9.50452304095961e-05
3312701,0.00268741534091532
NA,6.56662223263993e-07
3311301,0.0512052513659
3310351,8.15297389635816e-05
NA,6.56662223263993e-07
3310001,0.00268741534091532
3309851,1.05081453511957e-05
3308801,4.73573692261198e-07
3308251,9.50452304095961e-05
3307301,0.00268741534091532
3306701,2.38023985730251e-05
3306351,0.000384051294531673
3305651,9.50452304095961e-05
3305501,6.11676114203874e-06
3305151,9.20912279980257e-05
3302351,0.411599785089493
3301101,9.20912279980257e-05
3300801,0.000231053287279792
3298301,0.00999472290277481
3297551,9.20912279980257e-05
3293751,1.1340213859512e-05
3293401,0.000461935327621177
3292801,6.11676114203874e-06
3292251,3.78792065021116e-05
NA,6.56662223263993e-07
3291951,5.78691142436583e-05
3289751,0.000231053287279792
3289251,6.11676114203874e-06
3288951,6.11676114203874e-06
3288801,0.00268741534091532
3288751,9.20912279980257e-05
3288601,0.00268741534091532
3288551,9.20912279980257e-05
3288351,0.00268741534091532
3286751,9.20912279980257e-05
3286201,4.96746361022815e-05
3283851,0.00189904379658401
3282501,0.0013544635148719
3282251,2.38023985730251e-05
3281501,6.11676114203874e-06
3281201,3.78792065021116e-05
3279451,1.1434859743531e-06
3279601,9.20912279980257e-05
3279151,6.11676114203874e-06
3278501,0.000415926711866632
3278101,0.00170311890542507
3278051,1.1340213859512e-05
3277701,1.1340213859512e-05
3274951,1.96146847883938e-05
3274901,0.00268741534091532
NA,6.56662223263993e-07
NA,6.56662223263993e-07
3273051,0.745815932750702
3273301,4.96746361022815e-05
3272851,0.0710064694285393
3272601,1.20065342343878e-05
3272251,0.00268741534091532
3271001,1.1340213859512e-05
3270551,6.11676114203874e-06
NA,6.56662223263993e-07
3269401,0.000461935327621177
3204951,0.00690768100321293
3268651,1.1340213859512e-05
3267851,0.00268741534091532
3267451,0.00268741534091532
3267251,6.11676114203874e-06
3266851,2.38023985730251e-05
2506001,0.0790760070085526
3266501,0.00268741534091532
3266201,0.0318215787410736
3265401,0.00268741534091532
3265551,0.000856075203046203
3264101,1.05799408629537e-05
3263651,0.000613700540270656
3261951,0.00268741534091532
3261301,0.00372422719374299
NA,6.56662223263993e-07
3260351,1.1340213859512e-05
3258951,1.1340213859512e-05
3258051,9.50452304095961e-05
3257601,9.20912279980257e-05
3256801,1.1340213859512e-05
3256101,0.15022212266922
NA,6.56662223263993e-07
3253751,0.00268741534091532
3253401,0.000352281582308933
3253301,9.20912279980257e-05
3252801,0.0546308681368828
3252301,1.1340213859512e-05
3251951,2.38023985730251e-05
3251301,0.000384051294531673
3250751,3.19977043545805e-05
3250701,0.00268741534091532
3247051,0.00268741534091532
3244701,0.000511020654812455
3244501,0.00268741534091532
3238951,0.000207187738851644
3238851,5.78691142436583e-05
3238751,0.00268741534091532
3237651,0.00268741534091532
3237301,0.00268741534091532
3237151,1.1340213859512e-05
3227951,0.430051028728485
3236901,0.000231053287279792
3236501,0.00268741534091532
3236351,3.12145020870958e-05
3236101,0.00268741534091532
3235801,0.15022212266922
NA,6.56662223263993e-07
3234751,0.00268741534091532
3234551,0.0318215787410736
3231701,0.15022212266922
3232751,0.0710466802120209
3231201,0.0318215787410736
3231051,0.000157996153575368
3230401,0.00268741534091532
3229751,0.0353097319602966
3228901,0.15022212266922
3226551,0.00268741534091532
3226401,0.00268741534091532
3224451,4.96746361022815e-05
3223601,0.0318215787410736
3223751,0.000231053287279792
3222851,0.000670051609631628
3222601,0.000231053287279792
3222301,6.11676114203874e-06
3221851,9.20912279980257e-05
3221051,0.000231053287279792
3219801,9.50452304095961e-05
NA,6.56662223263993e-07
3218101,0.000566319446079433
3217601,0.000124639816931449
3217201,0.00268741534091532
3216801,4.96746361022815e-05
3215651,1.1340213859512e-05
3215551,2.38023985730251e-05
NA,6.56662223263993e-07
3213001,0.000856075203046203
3213151,0.00268741534091532
3212251,0.00268741534091532
3212201,0.00268741534091532
3211751,0.00268741534091532
3210951,0.000415926711866632
3210851,1.96146847883938e-05
3210501,0.000384051294531673
3208551,8.15297389635816e-05
3208401,0.00124154309742153
3208201,0.0318215787410736
NA,6.56662223263993e-07
3207301,0.000101328791060951
3205951,0.000157996153575368
3205601,8.15297389635816e-05
3205351,0.000100017256045248
3205251,0.000384051294531673
3204801,5.78691142436583e-05
3204551,0.00289971311576664
NA,6.56662223263993e-07
3203551,0.00106420856900513
3203251,0.00268741534091532
3202651,9.20912279980257e-05
3202301,0.00268741534091532
3202001,0.000157996153575368
3201901,0.00268741534091532
3201701,1.1340213859512e-05
3201201,0.00268741534091532
3200851,0.00268741534091532
3199001,2.38023985730251e-05
3198351,0.00106420856900513
3197901,6.11676114203874e-06
3197201,5.78691142436583e-05
3196351,9.20912279980257e-05
3195251,0.00268741534091532
3194651,0.000124639816931449
3193751,6.11676114203874e-06
3193101,0.00268741534091532
3192901,0.00268741534091532
3192401,0.000289442221401259
NA,6.56662223263993e-07
3190001,0.00275475718080997
3188701,9.50452304095961e-05
3188101,6.11676114203874e-06
3187501,0.0154299177229404
3187651,0.000519594992510974
3185801,0.00268741534091532
3185351,6.11676114203874e-06
3184551,0.0080276345834136
3184301,0.0148072484880686
NA,6.56662223263993e-07
3183101,0.000384051294531673
3182501,1.1340213859512e-05
3182001,0.00225770124234259
3181751,0.00040431073284708
3181651,2.38023985730251e-05
3181301,6.11676114203874e-06
3180901,1.1340213859512e-05
3180451,9.50452304095961e-05
3179651,4.96746361022815e-05
3179051,1.15140528578195e-06
3178801,0.00268741534091532
3178501,0.00268741534091532
3178251,0.000231053287279792
3132601,0.00690768100321293
3176751,1.57454451255035e-05
3176251,9.20912279980257e-05
3175301,0.000207187738851644
3173551,0.000157996153575368
3173501,9.20912279980257e-05
3161101,0.15022212266922
3172301,0.00268741534091532
3170651,0.00268741534091532
3167001,0.00268741534091532
3166651,9.20912279980257e-05
3164151,9.20912279980257e-05
3163201,9.20912279980257e-05
3162751,1.90906371244637e-06
3162251,0.00165888771880418
3160701,0.000131159671582282
3160601,4.66426490675076e-06
3160101,4.66426490675076e-06
NA,6.56662223263993e-07
3158002,0.029353067278862
3157651,5.17215121362824e-05
3157601,9.50452304095961e-05
3157301,0.000352281582308933
3156351,0.000804660026915371
3155651,6.11676114203874e-06
3155101,1.1340213859512e-05
3155001,9.50452304095961e-05
3152501,0.00268741534091532
3152101,0.00268741534091532
NA,6.56662223263993e-07
3151551,0.00268741534091532
NA,6.56662223263993e-07
NA,6.56662223263993e-07
3150701,1.1340213859512e-05
NA,6.56662223263993e-07
3148151,0.00268741534091532
3146901,0.00268741534091532
3144401,0.00268741534091532
3144301,0.000415926711866632
3143001,0.00124154309742153
3142751,4.96746361022815e-05
3142051,1.96146847883938e-05
NA,6.56662223263993e-07
3139651,0.00268741534091532
NA,6.56662223263993e-07
3138901,2.38023985730251e-05
3138551,0.000231053287279792
3138101,0.00268741534091532
3137451,1.20065342343878e-05
3137301,0.000384051294531673
3137151,0.00268741534091532
3136101,5.78691142436583e-05
3135551,0.00168962124735117
3135401,0.00268741534091532
3615151,0.0650243535637856
3134501,0.000100017256045248
3134301,0.001745525165461
3134151,1.1340213859512e-05
3133351,0.038145262748003
3132151,0.00168962124735117
3130901,0.00268741534091532
3129301,1.91412823369319e-06
3129451,1.1340213859512e-05
3129151,0.000822340080048889
3128801,0.000856075203046203
3128551,2.38023985730251e-05
3126351,0.000157996153575368
3125101,0.00168962124735117
3124851,0.00268741534091532
3124451,0.00355497072450817
3124101,0.00268741534091532
3122501,9.20912279980257e-05
3122351,5.78691142436583e-05
3122201,0.000100017256045248
NA,6.56662223263993e-07
3117851,2.38023985730251e-05
3116351,0.000101328791060951
3116601,0.000822340080048889
3115601,0.000822340080048889
3114851,0.0241579134017229
3113601,0.000822340080048889
3108851,0.000356899836333469
3107301,0.000124639816931449
3107201,0.000461935327621177
3105751,8.1734206105466e-06
3105651,2.41145426116418e-05
3105201,0.0080276345834136
3104651,0.000822340080048889
3104301,0.000131159671582282
3103251,1.4557316490027e-06
3101951,0.000822340080048889
3101551,0.00106420856900513
3101001,9.62915728450753e-05
3100101,3.12145020870958e-05
2857251,0.000449822400696576
3096251,0.000160067836986855
3095501,0.000415926711866632
3092601,0.0080276345834136
3092101,9.99269905150868e-05
3091851,0.000411719316616654
3091451,4.87928773509338e-05
3088751,0.000131159671582282
3086801,0.0080276345834136
3086551,0.000101328791060951
3083001,0.00137220195028931
3081601,0.0241579134017229
3081401,0.000131159671582282
3080801,1.05799408629537e-05
3079901,0.00212689931504428
3077651,0.000100017256045248
3077001,0.000236958352616057
3076951,0.140601187944412
3076401,0.000822340080048889
3075001,0.0080276345834136
NA,6.56662223263993e-07
3073351,1.40365500556072e-05
3072501,0.0181398242712021
3071251,2.41145426116418e-05
3069901,9.62915728450753e-05
3069951,0.0080276345834136
3069751,4.87928773509338e-05
3069101,0.000621743849478662
3068901,0.000856075203046203
3068751,0.0080276345834136
3068401,0.000822340080048889
3025801,0.00807955954223871
3067901,0.000100017256045248
3066201,9.50452304095961e-05
3065151,0.0080276345834136
3062501,0.0080276345834136
3062301,4.42461259808624e-06
3061201,0.00106420856900513
3058351,9.50452304095961e-05
3058051,1.21639886856428e-05
3056701,0.00106420856900513
3056651,0.000621743849478662
3056051,2.38023985730251e-05
3054751,0.000822340080048889
3054451,0.0080276345834136
3054351,0.000822340080048889
NA,6.56662223263993e-07
3052151,0.000822340080048889
3051851,0.000101328791060951
3051051,7.46026707929559e-05
3049201,0.000131159671582282
3048751,0.000101328791060951
3048401,0.0080276345834136
3048201,9.50452304095961e-05
3048101,0.0080276345834136
3047901,0.000131159671582282
3047701,0.0080276345834136
3047401,2.41145426116418e-05
3046751,2.38023985730251e-05
3045701,0.0080276345834136
3044801,0.000280328298686072
3043851,0.0004678807745222
3043501,9.50452304095961e-05
3042751,0.000101328791060951
3042501,0.000822340080048889
3042351,0.000822340080048889
3042251,0.0080276345834136
3042101,0.000822340080048889
3041401,0.0241579134017229
3037751,0.00458166468888521
3037301,0.0080276345834136
3035501,3.4181825867563e-06
3032951,0.00458166468888521
3032751,0.000236958352616057
3032651,0.0241579134017229
3032151,6.63759419694543e-05
3032001,0.00458166468888521
3031751,2.38023985730251e-05
3030401,0.000131159671582282
3027201,2.38023985730251e-05
3023351,5.76343372813426e-05
3022651,7.46026707929559e-05
3021901,0.0080276345834136
3021451,0.00413516396656632
3020201,0.00177550909575075
3021051,0.00458166468888521
3019851,0.000101328791060951
3018501,0.000822340080048889
NA,6.56662223263993e-07
3013801,0.000822340080048889
3013301,9.50452304095961e-05
3012951,9.50452304095961e-05
3012351,0.000101328791060951
3011001,0.000101328791060951
3010351,0.00458166468888521
3009851,0.000822340080048889
3009751,0.783670008182526
3009651,0.001745525165461
3009051,0.000131159671582282
3007251,0.00413516396656632
3007001,2.38023985730251e-05
3002601,0.000822340080048889
3001201,0.000101328791060951
3000701,0.000822340080048889
3000501,0.000822340080048889
3000301,0.000415926711866632
2999601,0.0080276345834136
2997601,2.38023985730251e-05
2997151,0.00458166468888521
2996751,0.00165888771880418
2996051,0.0080276345834136
2995351,0.00275475718080997
2994451,0.709554374217987
2994151,0.000822340080048889
2993551,0.0041891667060554
2993451,0.000101328791060951
2992751,0.000356899836333469
NA,6.56662223263993e-07
2991901,0.000411719316616654
2991351,0.000101328791060951
2990401,9.50452304095961e-05
2990201,0.000822340080048889
2990101,0.000160067836986855
2990001,0.000236958352616057
2988951,0.0080276345834136
2988601,0.000101328791060951
2988651,9.62915728450753e-05
2988101,2.38023985730251e-05
2987951,0.000157996153575368
2987351,0.000101328791060951
2987201,2.41145426116418e-05
2986802,0.0587050057947636
2986501,2.41145426116418e-05
2986101,0.0080276345834136
2985351,1.4748225112271e-06
2985251,0.0241579134017229
2985201,0.00458166468888521
2984501,9.50452304095961e-05
2984201,0.0241579134017229
2984101,0.000101328791060951
2982601,0.000411719316616654
2982351,0.000101328791060951
2980351,0.000101328791060951
2980201,2.41145426116418e-05
2979151,0.0080276345834136
2978601,0.000100017256045248
2978551,0.0080276345834136
2978451,0.0080276345834136
2977851,0.000415926711866632
2977451,0.000822340080048889
2977501,1.05799408629537e-05
2976951,0.000213774997973815
NA,6.56662223263993e-07
NA,6.56662223263993e-07
2975801,1.38929335662397e-05
2975351,0.000822340080048889
2974601,0.000101328791060951
2973551,0.709554374217987
2971451,0.00355497072450817
2971201,3.12145020870958e-05
2971101,0.000822340080048889
2970801,0.000101328791060951
2970601,0.0080276345834136
2968801,0.000131159671582282
2966951,0.0080276345834136
2966651,0.0080276345834136
2966201,0.0080276345834136
2966151,0.0080276345834136
2965501,0.000131159671582282
2964451,0.000101328791060951
2964151,8.1734206105466e-06
2963751,0.000101328791060951
2963551,0.000157996153575368
2961951,0.000131159671582282
2961901,0.0080276345834136
2961551,0.00360142416320741
2827551,0.00212689931504428
2960151,0.000822340080048889
2959201,0.0587050057947636
2957601,9.50452304095961e-05
2957651,0.000101328791060951
2955701,0.000411719316616654
2954501,9.50452304095961e-05
2954001,0.0080276345834136
2952051,0.0080276345834136
2950951,0.0080276345834136
2950502,0.000101328791060951
2949151,0.000101328791060951
2948701,0.0080276345834136
2947251,0.0080276345834136
2945751,0.0080276345834136
2944651,0.00324838818050921
2945151,0.000822340080048889
2944401,0.000822340080048889
2943701,0.00165888771880418
2943301,0.0241579134017229
2938301,0.000992973917163908
2939851,0.0241579134017229
2939401,0.00432056281715631
2938751,0.001745525165461
2940351,0.000236958352616057
2934101,0.000101328791060951
2927501,0.0080276345834136
2927351,0.000822340080048889
2927151,0.000461935327621177
2925351,0.0080276345834136
2923851,9.62915728450753e-05
2923151,9.62915728450753e-05
2922851,0.0080276345834136
2922451,9.62915728450753e-05
2921851,0.000216577915125526
2921601,0.000131159671582282
2919701,0.000101328791060951
2918851,2.38023985730251e-05
2918351,0.000101328791060951
2917151,0.0080276345834136
2916701,0.0080276345834136
2916251,0.000101328791060951
2914751,0.000822340080048889
2914351,0.000101328791060951
2914001,0.000411719316616654
2911851,0.855727195739746
2906501,0.0080276345834136
2906001,9.62915728450753e-05
2902151,2.41145426116418e-05
2898401,0.000131159671582282
2896801,0.000131159671582282
2896851,0.000822340080048889
2893901,0.0080276345834136
2892001,0.000292105454718694
2891701,0.0080276345834136
2891401,0.0080276345834136
2890901,0.0080276345834136
2889751,0.000822340080048889
2888401,0.0080276345834136
2888301,0.00355497072450817
2887851,5.76343372813426e-05
2887751,3.4181825867563e-06
2886801,0.0080276345834136
2886751,1.05799408629537e-05
2886051,0.0080276345834136
2885651,0.000131159671582282
2885201,0.00324838818050921
2884451,0.0080276345834136
2884851,0.000101328791060951
2883901,0.000131159671582282
2883251,0.0080276345834136
2882851,3.12145020870958e-05
2882301,0.000415926711866632
2882201,0.000822340080048889
2879301,7.46026707929559e-05
2876901,0.000822340080048889
2876501,9.62915728450753e-05
2876451,2.38023985730251e-05
2873051,0.000811703910585493
2871201,0.0080276345834136
2870351,0.0080276345834136
2869151,0.0080276345834136
2869101,0.0080276345834136
2867251,0.0080276345834136
2859351,0.000131159671582282
2859001,0.000101328791060951
2858501,0.00165888771880418
2857301,0.0080276345834136
2844901,0.00355497072450817
2827451,0.00361023005098104
2826551,0.000670051609631628
2824201,0.0080276345834136
2816151,0.000101328791060951
2816201,4.94382948090788e-05
2815851,9.50452304095961e-05
2815301,9.62915728450753e-05
NA,6.56662223263993e-07
2812751,0.000822340080048889
2812801,0.000160067836986855
2812651,0.000101328791060951
2812501,9.50452304095961e-05
2811501,0.0080276345834136
2811601,9.50452304095961e-05
2811301,0.0080276345834136
2811051,0.000101328791060951
2810801,0.0080276345834136
2810701,0.000449822400696576
2810551,9.62915728450753e-05
2810051,0.000280328298686072
2809451,9.62915728450753e-05
2809051,0.000131159671582282
2808801,0.000811703910585493
2808851,2.41145426116418e-05
2808101,0.000101328791060951
2806751,0.000124639816931449
2805751,0.000160067836986855
2805201,0.000461935327621177
2804201,3.12145020870958e-05
2800801,0.000131159671582282
2799101,0.000822340080048889
2798651,0.000101328791060951
2798101,0.000207187738851644
2797351,0.000101328791060951
2796501,0.000822340080048889
2796451,0.00106420856900513
2795951,9.62915728450753e-05
2794501,0.0080276345834136
2793151,4.79784318940801e-07
2792701,0.00383208831772208
2792351,0.000101328791060951
2792051,0.000202239127247594
2792001,0.000415926711866632
2791051,0.000411719316616654
2791001,0.000101328791060951
2790701,0.000615583907347172
2790351,0.000101328791060951
2790001,9.62915728450753e-05
2789751,4.88324758407543e-07
2790101,0.00360142416320741
2789651,0.000101328791060951
2789501,0.0080276345834136
2788951,0.0080276345834136
NA,6.56662223263993e-07
2788551,0.0080276345834136
2788001,0.000131159671582282
2787751,2.04060088435654e-05
2785951,3.12145020870958e-05
2785751,9.50452304095961e-05
2785801,0.000822340080048889
2784251,0.000207187738851644
2784001,2.41145426116418e-05
2783401,0.0080276345834136
2783351,0.000822340080048889
2783301,0.000131159671582282
2783251,0.000822340080048889
2783001,0.00136255635879934
2782151,0.000580782420001924
2782201,2.38023985730251e-05
2781651,0.000822340080048889
NA,6.56662223263993e-07
2780951,0.000131159671582282
2780051,2.38023985730251e-05
2779701,0.00323940720409155
2779251,0.00383208831772208
2779001,2.41145426116418e-05
2779051,1.21639886856428e-05
2778851,9.50452304095961e-05
2778601,0.000101328791060951
2778501,0.0080276345834136
2778201,0.0080276345834136
2776101,0.0080276345834136
2776001,9.50452304095961e-05
2775801,0.0080276345834136
2774951,0.00360142416320741
2744701,0.0151305301114917
2774901,2.38023985730251e-05
2774301,0.000100017256045248
2774151,3.4181825867563e-06
2772701,0.000822340080048889
2772551,0.0080276345834136
2771051,0.000101328791060951
2770551,0.000566319446079433
2770651,0.000101328791060951
2769651,0.000822340080048889
2767751,0.00292333145625889
2767501,0.0080276345834136
2767451,0.000101328791060951
2767201,0.000101328791060951
2767151,1.18589653652634e-07
2766851,0.000822340080048889
2765851,8.1955795394606e-06
2765051,9.50452304095961e-05
2764651,0.00057326874230057
2764351,0.001745525165461
2764201,0.0080276345834136
2763851,0.0080276345834136
2762801,0.000101328791060951
2761301,9.62915728450753e-05
NA,6.56662223263993e-07
2759701,0.000160067836986855
2759451,0.0080276345834136
2759351,0.00360142416320741
2757701,0.0241579134017229
2757551,0.000101328791060951
2757301,0.00292333145625889
2756951,9.62915728450753e-05
2756701,0.000822340080048889
2755751,4.68679281766526e-05
2754701,4.79784318940801e-07
2754501,0.000101328791060951
2752051,0.000352281582308933
2751251,0.00225770124234259
2750951,0.00129921699408442
NA,6.56662223263993e-07
2748251,0.000101328791060951
2747501,0.000411719316616654
2746951,0.0241579134017229
2746651,0.000580782420001924
2746201,0.00568159809336066
2745151,0.000101328791060951
2744401,7.46026707929559e-05
2743551,9.50452304095961e-05
2743401,0.000100017256045248
NA,6.56662223263993e-07
2743101,9.62915728450753e-05
NA,6.56662223263993e-07
2742551,2.38023985730251e-05
2741501,0.000131159671582282
2740301,0.000427651597419754
2739651,0.00212689931504428
2740101,0.000415926711866632
2738951,0.00023421150399372
2738551,0.000330409035086632
2738351,0.00383208831772208
2736901,0.000100017256045248
NA,6.56662223263993e-07
2734051,7.46026707929559e-05
2732551,0.00568159809336066
2730701,0.00568159809336066
2611801,0.000449822400696576
2725651,0.00568159809336066
2723901,2.68588475904608e-08
NA,6.56662223263993e-07
2722801,0.000101328791060951
2722751,0.00568159809336066
2722001,0.00383208831772208
2721701,2.41145426116418e-05
2721551,0.000129737803945318
2721351,0.000580782420001924
2721151,2.38023985730251e-05
2720851,9.62915728450753e-05
2720101,0.000411719316616654
2719951,2.38023985730251e-05
2719601,0.000101328791060951
2719301,0.00568159809336066
2718901,0.00568159809336066
2717151,0.00188985152635723
2716901,0.00568159809336066
2716801,0.00568159809336066
2716301,0.120650455355644
2715701,0.000209844671189785
2715051,0.0231404304504395
2714701,0.000580782420001924
2714301,2.38023985730251e-05
2714151,0.00568159809336066
2714201,0.000101328791060951
2713301,0.000101328791060951
2712651,2.41145426116418e-05
2712251,0.000580782420001924
2711651,0.00360142416320741
2710451,0.000292105454718694
2710302,0.000100017256045248
2710351,0.000415926711866632
2708701,0.0080276345834136
2702501,0.00383208831772208
2702451,1.20144875381811e-07
2701201,0.0872340574860573
2704151,0.00383208831772208
2704603,0.000101328791060951
2704701,0.000580782420001924
2705301,0.000580782420001924
2705151,0.000100017256045248
2693051,0.0036422663833946
2704401,0.000621743849478662
2704801,0.000101328791060951
2704651,0.00568159809336066
2704501,9.50452304095961e-05
2689801,9.50452304095961e-05
2688551,0.00383208831772208
NA,6.56662223263993e-07
2704351,0.00568159809336066
2704451,1.21639886856428e-05
2704552,0.00355497072450817
2704452,0.000411719316616654
2704453,0.00568159809336066
2704901,0.000236958352616057
2705051,0.000160067836986855
2704654,0.000100017256045248
2681551,2.38023985730251e-05
2680751,1.20065342343878e-05
2704551,0.00568159809336066
2705101,0.000100017256045248
2678451,5.59812506253365e-05
2677951,0.00383208831772208
2704704,0.00568159809336066
2704553,7.54964503357769e-06
2704602,9.50452304095961e-05
2705601,0.00165888771880418
2675051,0.000100017256045248
2674051,1.4557316490027e-06
2673901,0.000310169300064445
2673401,9.50452304095961e-05
2704554,0.00103634875267744
2705851,0.00355497072450817
2704604,0.00383208831772208
2704456,0.00568159809336066
2705452,0.00568159809336066
2704705,0.000101328791060951
2669001,4.73573692261198e-07
2704557,0.00568159809336066
2668201,0.0241579134017229
2667801,0.00165888771880418
2704706,9.62915728450753e-05
2705351,0.000101328791060951
NA,6.56662223263993e-07
2705251,9.62915728450753e-05
2663051,0.000310169300064445
2662601,0.000101328791060951
2705501,0.000580782420001924
2705401,0.00383208831772208
2660201,0.000650270900223404
2705156,9.62915728450753e-05
2705053,0.000580782420001924
2704454,0.000101328791060951
2658201,0.032038614153862
2704457,0.00568159809336066
2705602,0.00568159809336066
2656851,0.00165888771880418
NA,6.56662223263993e-07
2705451,0.00323940720409155
2705752,0.00568159809336066
2652601,0.000101328791060951
NA,6.56662223263993e-07
2704558,0.000580782420001924
2705751,0.000101328791060951
2705551,0.00568159809336066
2705951,2.41145426116418e-05
2646651,0.0133715327829123
2706251,2.41145426116418e-05
2705852,0.00568159809336066
2705901,0.000330409035086632
2705054,0.000580782420001924
2065151,0.971291542053223
2705553,0.000100017256045248
2705555,0.00185767794027925
2705056,2.38023985730251e-05
2706302,0.000100017256045248
2705857,0.000101328791060951
2706101,0.000101328791060951
2705654,0.000580782420001924
2706155,0.0036422663833946
NA,6.56662223263993e-07
2705604,0.00568159809336066
NA,6.56662223263993e-07
2636701,0.000352281582308933
NA,6.56662223263993e-07
2706201,0.000160067836986855
2634601,9.50452304095961e-05
2705158,0.00383208831772208
2704710,0.000160067836986855
2631051,1.1750785233744e-05
2631101,0.000101328791060951
2631001,0.00355497072450817
NA,6.56662223263993e-07
NA,6.56662223263993e-07
NA,6.56662223263993e-07
2706301,0.000101328791060951
2705557,9.50452304095961e-05
2706351,0.00568159809336066
2706052,0.000580782420001924
2621251,9.80055265245028e-05
2620801,0.0133715327829123
2620751,0.000310169300064445
2706401,0.001745525165461
2706151,0.000580782420001924
NA,6.56662223263993e-07
NA,6.56662223263993e-07
NA,6.56662223263993e-07
2705556,2.41145426116418e-05
2705656,0.000580782420001924
2617201,0.000411719316616654
NA,6.56662223263993e-07
2616101,0.861417889595032
2705161,0.00383208831772208
2615001,0.000391258276067674
2614501,0.00568159809336066
2614351,4.73573692261198e-07
2614301,0.000100017256045248
2614251,0.0215831976383924
2613551,0.00568159809336066
2706053,0.000411719316616654
2611401,0.0241579134017229
2704562,0.00568159809336066
2705606,2.38023985730251e-05
2704656,0.000101328791060951
2705055,4.94382948090788e-05
2705605,0.000101328791060951
2705160,0.000236958352616057
2706058,0.00057326874230057
2705658,0.000580782420001924
NA,6.56662223263993e-07
2606151,0.000411719316616654
2605701,0.000411719316616654
NA,6.56662223263993e-07
NA,6.56662223263993e-07
2605751,0.0036422663833946
2705165,0.000101328791060951
NA,6.56662223263993e-07
2706501,0.00323940720409155
2706156,9.62915728450753e-05
2704564,0.000101328791060951
2706157,0.000101328791060951
2704565,0.00568159809336066
2706057,0.000100017256045248
2706551,0.000101328791060951
2599551,0.0192836150527
2706059,5.76343372813426e-05
2705561,0.00165888771880418
2706603,0.00568159809336066
2705657,0.000101328791060951
2705162,0.00568159809336066
2597001,0.000101328791060951
NA,6.56662223263993e-07
2596601,1.20144875381811e-07
NA,6.56662223263993e-07
2706601,0.00568159809336066
NA,6.56662223263993e-07
2704658,0.000160067836986855
2591301,0.00568159809336066
2704567,9.62915728450753e-05
2590501,0.0872340574860573
2705163,0.000101328791060951
2706062,3.44811087416019e-05
2706056,0.000101328791060951
2704657,0.00568159809336066
2586401,1.4557316490027e-06
2586151,0.120650455355644
NA,6.56662223263993e-07
2706651,0.000101328791060951
2583301,0.000411719316616654
2704661,0.000101328791060951
2704662,0.00568159809336066
2704712,0.00383208831772208
2706701,0.001745525165461
2704660,0.000415926711866632
2579651,0.000517718843184412
2705607,9.50452304095961e-05
2578501,9.62915728450753e-05
2705608,0.000101328791060951
2706060,9.62915728450753e-05
2705560,0.001745525165461
2706752,0.00568159809336066
2570601,0.00165888771880418
2706703,0.000101328791060951
2706159,0.00568159809336066
2705610,0.00568159809336066
2706654,9.50452304095961e-05
2705612,0.000101328791060951
2706652,0.000101328791060951
2704713,0.000580782420001924
2562751,0.0872340574860573
2558001,0.0231404304504395
2706161,0.000415926711866632
2555501,0.000411719316616654
NA,6.56662223263993e-07
2705058,0.00568159809336066
NA,6.56662223263993e-07
NA,6.56662223263993e-07
2706655,0.00383208831772208
2704711,9.80055265245028e-05
NA,6.56662223263993e-07
2705168,2.38023985730251e-05
2548301,0.000330409035086632
2547101,0.000310169300064445
2706751,0.000580782420001924
2706160,0.00568159809336066
2373801,0.000371755624655634
2705057,2.41145426116418e-05
2545851,2.38023985730251e-05
2705609,0.000129737803945318
2705169,0.00568159809336066
2544401,0.000100017256045248
2544001,1.4557316490027e-06
2314251,0.000449822400696576
2706163,0.000580782420001924
2704570,0.0376843623816967
2706704,0.000356899836333469
NA,6.56662223263993e-07
2704571,0.000580782420001924
2541101,9.80055265245028e-05
2540101,5.76343372813426e-05
2539751,9.80055265245028e-05
2539351,2.68588475904608e-08
NA,6.56662223263993e-07
2706064,0.000623651896603405
2538651,0.0215831976383924
2705660,9.50452304095961e-05
2706656,0.000330409035086632
2533301,0.000101328791060951
2532851,0.00568159809336066
2531301,0.00568159809336066
2530301,1.21639886856428e-05
NA,6.56662223263993e-07
2523951,0.00568159809336066
2523101,0.00057326874230057
NA,6.56662223263993e-07
2522601,0.000101328791060951
NA,6.56662223263993e-07
NA,6.56662223263993e-07
NA,6.56662223263993e-07
2521701,0.0194420572370291
2521351,4.79784318940801e-07
NA,6.56662223263993e-07
2520801,0.00568159809336066
NA,6.56662223263993e-07
NA,6.56662223263993e-07
NA,6.56662223263993e-07
2520151,2.68588475904608e-08
2520501,0.000101328791060951
2519001,0.000101328791060951
2518201,0.00568159809336066
2517451,0.00568159809336066
2517001,0.000511020654812455
2516751,0.00568159809336066
2516201,0.00383208831772208
2513901,0.000101328791060951
2513651,9.50452304095961e-05
2512551,0.00568159809336066
NA,6.56662223263993e-07
2511901,0.000101328791060951
2511551,0.00604043807834387
NA,6.56662223263993e-07
2510501,0.225762069225311
NA,6.56662223263993e-07
NA,6.56662223263993e-07
2509301,0.00568159809336066
NA,6.56662223263993e-07
2507451,0.000310169300064445
2505551,0.00568159809336066
2504551,0.000101328791060951
2503301,0.000580782420001924
2502801,9.62915728450753e-05
2501401,0.000101328791060951
NA,6.56662223263993e-07
2500651,2.41145426116418e-05
2500501,9.50452304095961e-05
2497951,0.000415926711866632
NA,6.56662223263993e-07
2496001,0.000580782420001924
NA,6.56662223263993e-07
2494151,0.000580782420001924
2493951,0.00057326874230057
2493901,0.000101328791060951
2493051,0.00568159809336066
2492151,0.000580782420001924
2491651,0.00057326874230057
2491401,0.00568159809336066
2490901,0.00057326874230057
2487901,0.000101328791060951
2487651,0.00568159809336066
NA,6.56662223263993e-07
2486301,0.000580782420001924
2485901,7.58027745177969e-05
2484801,9.50452304095961e-05
2484301,0.00568159809336066
2483551,2.41145426116418e-05
2482951,0.000101328791060951
2481551,5.71685859540594e-06
2481401,1.4748225112271e-06
NA,6.56662223263993e-07
2480951,1.4748225112271e-06
2480751,9.62915728450753e-05
2477301,0.000101328791060951
2475401,5.71685859540594e-06
NA,6.56662223263993e-07
2474901,0.00573637895286083
NA,6.56662223263993e-07
2474751,0.000101328791060951
2474101,0.000580782420001924
2473551,0.00057326874230057
2472651,2.41145426116418e-05
2472701,0.000939029967412353
2472351,0.000935720046982169
2471401,0.00383208831772208
2471351,0.000101328791060951
2470401,0.00568159809336066
2470151,9.99269905150868e-05
2469551,0.0241579134017229
2469201,0.00375916552729905
2468201,0.000160067836986855
2467401,1.4748225112271e-06
2467351,0.00568159809336066
2463901,0.000216577915125526
2462801,0.000101328791060951
2459301,0.000415926711866632
2459051,2.41145426116418e-05
2458851,0.00568159809336066
2458651,0.000580782420001924
2458701,5.71685859540594e-06
2457501,5.71685859540594e-06
2456701,5.71685859540594e-06
2456401,0.00360142416320741
NA,6.56662223263993e-07
2456001,0.00355497072450817
2455151,0.000101328791060951
NA,6.56662223263993e-07
NA,6.56662223263993e-07
2445751,9.62915728450753e-05
NA,6.56662223263993e-07
2443751,9.62915728450753e-05
2443351,0.00568159809336066
2443251,0.00568159809336066
NA,6.56662223263993e-07
NA,6.56662223263993e-07
NA,6.56662223263993e-07
2441901,5.71685859540594e-06
2441101,0.000101328791060951
2440751,0.000580782420001924
2438101,2.41145426116418e-05
2433201,0.00568159809336066
NA,6.56662223263993e-07
NA,6.56662223263993e-07
NA,6.56662223263993e-07
2432551,9.62915728450753e-05
2429151,0.00251135719008744
2427101,0.000101328791060951
2424551,0.000411719316616654
NA,6.56662223263993e-07
NA,6.56662223263993e-07
2423451,1.20144875381811e-07
2423551,0.00568159809336066
2423251,0.00383208831772208
2422001,0.0241579134017229
2421751,3.48592438967898e-05
2421401,0.000942598504479975
2420501,0.00067402800777927
2420051,0.000356899836333469
2420101,0.000101328791060951
2419801,0.0058120796456933
NA,6.56662223263993e-07
2418051,0.000914573145564646
NA,6.56662223263993e-07
2412401,3.90026798413601e-05
2411451,6.74104667268693e-05
2411151,0.00287653412669897
2411051,0.000709266110789031
NA,6.56662223263993e-07
NA,6.56662223263993e-07
NA,6.56662223263993e-07
2408051,0.000709266110789031
2407601,7.7601094972124e-07
2406701,0.00418137013912201
NA,6.56662223263993e-07
2404051,0.000939029967412353
2404001,0.000939029967412353
2403801,0.00175371521618217
2402451,0.00067402800777927
2402101,0.000939029967412353
2401851,0.00113835791125894
2401351,0.000150933672557585
NA,6.56662223263993e-07
2400301,0.000168871600180864
2396951,0.000939029967412353
NA,6.56662223263993e-07
2395251,0.000939029967412353
2395001,0.00273391511291265
NA,6.56662223263993e-07
2393851,0.000939029967412353
2393651,0.000939029967412353
2391651,0.00016388061339967
2391451,0.0156316123902798
2390301,0.000155734320287593
1984551,0.31432580947876
2389451,0.000939029967412353
2388351,7.65258737374097e-05
NA,6.56662223263993e-07
2388301,7.24047713447362e-05
NA,6.56662223263993e-07
NA,6.56662223263993e-07
2385301,7.24047713447362e-05
2382551,0.000939029967412353
2382251,0.00568159809336066
2380451,0.0376820638775826
2379951,0.000939029967412353
2379851,0.000939029967412353
2379701,0.000939029967412353
NA,6.56662223263993e-07
2377501,0.000939029967412353
NA,6.56662223263993e-07
2376551,3.84978266083635e-05
NA,6.56662223263993e-07
2376101,0.940357565879822
2376051,0.0406153574585915
NA,6.56662223263993e-07
2375051,0.000939029967412353
2372901,0.000939029967412353
2368451,0.000939029967412353
2368251,0.0365666300058365
NA,6.56662223263993e-07
2367251,0.000942598504479975
NA,6.56662223263993e-07
2363701,0.00260049267672002
2363401,0.000939029967412353
NA,6.56662223263993e-07
NA,6.56662223263993e-07
2359201,0.000245767965679988
NA,6.56662223263993e-07
NA,6.56662223263993e-07
2339801,0.0368752591311932
NA,6.56662223263993e-07
NA,6.56662223263993e-07
NA,6.56662223263993e-07
NA,6.56662223263993e-07
NA,6.56662223263993e-07
2330651,3.93290292777237e-06
2329951,0.267793774604797
NA,6.56662223263993e-07
2328501,0.0253502205014229
2326801,0.0121660325676203
2326751,0.00100523245055228
NA,6.56662223263993e-07
2323601,7.21492760931142e-05
2323151,0.000419131334638223
2321901,0.00405562063679099
2321801,1.26271124827326e-05
2317151,0.0525299459695816
2317751,0.000222195478272624
2315951,5.46769551874604e-05
2311151,5.46769551874604e-05
NA,6.56662223263993e-07
2309401,0.000534299819264561
2307351,0.000168871600180864
2305951,0.00696667796000838
2303601,0.000438671966549009
2302001,1.26271124827326e-05
2300051,7.24047713447362e-05
2298801,0.000419014279032126
2298501,1.26271124827326e-05
2295901,0.17628687620163
2290651,9.24650885281153e-06
2288601,0.00696667796000838
2288151,0.0230311322957277
2286851,0.00405562063679099
NA,6.56662223263993e-07
2283651,0.000155734320287593
2181901,0.86618584394455
2281601,0.000166685989825055
2280551,0.00129921699408442
2280401,0.000222195478272624
2279351,0.000222195478272624
NA,6.56662223263993e-07
2275901,9.24650885281153e-06
NA,6.56662223263993e-07
NA,6.56662223263993e-07
2268051,0.000222195478272624
2266751,7.24047713447362e-05
2266401,5.46769551874604e-05
NA,6.56662223263993e-07
2262951,0.00535343773663044
2261751,7.24047713447362e-05
2258151,0.000450172025011852
2256701,1.36304488478345e-05
2256501,0.00135331717319787
2256301,1.0329430551792e-05
NA,6.56662223263993e-07
NA,6.56662223263993e-07
NA,6.56662223263993e-07
NA,6.56662223263993e-07
NA,6.56662223263993e-07
NA,6.56662223263993e-07
NA,6.56662223263993e-07
NA,6.56662223263993e-07
2250551,0.000245767965679988
2250001,5.46769551874604e-05
2248351,7.24047713447362e-05
2245051,5.46769551874604e-05
NA,6.56662223263993e-07
NA,6.56662223263993e-07
NA,6.56662223263993e-07
2242601,7.24047713447362e-05
2239951,7.24047713447362e-05
NA,6.56662223263993e-07
2235901,7.24047713447362e-05
NA,6.56662223263993e-07
NA,6.56662223263993e-07
NA,6.56662223263993e-07
2230851,7.24047713447362e-05
2228401,5.46769551874604e-05
NA,6.56662223263993e-07
2225701,1.95667439584213e-06
NA,6.56662223263993e-07
2225151,7.24047713447362e-05
2214701,7.24047713447362e-05
2211751,1.26271124827326e-05
2207651,3.90026798413601e-05
2207201,0.0596326775848866
2206851,7.24047713447362e-05
2204601,4.05640421377029e-05
NA,6.56662223263993e-07
NA,6.56662223263993e-07
2194701,0.000222195478272624
NA,6.56662223263993e-07
NA,6.56662223263993e-07
NA,6.56662223263993e-07
NA,6.56662223263993e-07
2186701,5.46769551874604e-05
2179451,7.24047713447362e-05
2178151,7.24047713447362e-05
NA,6.56662223263993e-07
2176501,0.901941776275635
NA,6.56662223263993e-07
2173801,1.51101539813681e-06
NA,6.56662223263993e-07
NA,6.56662223263993e-07
2171001,7.24047713447362e-05
2169751,7.24047713447362e-05
NA,6.56662223263993e-07
NA,6.56662223263993e-07
2160851,0.0156316123902798
2159901,7.24047713447362e-05
2159851,7.24047713447362e-05
2158701,7.24047713447362e-05
2157851,7.24047713447362e-05
2156951,7.24047713447362e-05
2153951,7.24047713447362e-05
NA,6.56662223263993e-07
2139001,7.24047713447362e-05
2134301,1.26271124827326e-05
2133251,0.000168871600180864
2128401,5.46769551874604e-05
2126151,7.24047713447362e-05
2125901,0.0290146786719561
2123901,5.46769551874604e-05
2122901,7.24047713447362e-05
2118201,7.24047713447362e-05
2113901,0.00067402800777927
2112451,1.26271124827326e-05
NA,6.56662223263993e-07
NA,6.56662223263993e-07
2107901,7.24047713447362e-05
2107651,0.00451527629047632
2106851,0.000222195478272624
2105701,1.24636617329088e-05
2105351,0.000166685989825055
2096801,9.83024219749495e-05
2097051,5.46769551874604e-05
2093551,7.24047713447362e-05
2093001,0.00405562063679099
2091851,7.24047713447362e-05
2090801,1.26271124827326e-05
2089801,0.000155734320287593
NA,6.56662223263993e-07
2086101,0.000168871600180864
2082801,7.24047713447362e-05
2080651,7.24047713447362e-05
2080251,0.000102540892839897
2079951,7.24047713447362e-05
2076001,0.000168871600180864
2070351,7.24047713447362e-05
2069951,7.24047713447362e-05
2069451,7.24047713447362e-05
2066301,7.24047713447362e-05
2063751,7.24047713447362e-05
2060301,5.46769551874604e-05
2059801,0.0431965664029121
2058551,4.05640421377029e-05
2054551,1.26271124827326e-05
2052201,7.24047713447362e-05
2052151,7.24047713447362e-05
2045701,1.26271124827326e-05
2042801,0.00750108296051621
NA,6.56662223263993e-07
2038801,2.87565453618299e-05
2037001,5.46769551874604e-05
NA,6.56662223263993e-07
NA,6.56662223263993e-07
2029901,1.94324286439951e-07
NA,6.56662223263993e-07
NA,6.56662223263993e-07
2026101,0.00502023287117481
2024801,0.000252688070759177
2024751,0.000102540892839897
NA,6.56662223263993e-07
NA,6.56662223263993e-07
2021801,0.000102540892839897
NA,6.56662223263993e-07
NA,6.56662223263993e-07
NA,6.56662223263993e-07
NA,6.56662223263993e-07
NA,6.56662223263993e-07
NA,6.56662223263993e-07
2012901,0.000150933672557585
2012651,1.0329430551792e-05
2703702,0.000102540892839897
NA,6.56662223263993e-07
2002251,5.46769551874604e-05
NA,6.56662223263993e-07
NA,6.56662223263993e-07
NA,6.56662223263993e-07
NA,6.56662223263993e-07
NA,6.56662223263993e-07
NA,6.56662223263993e-07
NA,6.56662223263993e-07
1978451,1.26271124827326e-05
1977501,0.000305451423628256
NA,6.56662223263993e-07
NA,6.56662223263993e-07
NA,6.56662223263993e-07
1965501,0.000102540892839897
NA,6.56662223263993e-07
1956701,0.00192131742369384
NA,6.56662223263993e-07
NA,6.56662223263993e-07
NA,6.56662223263993e-07
NA,6.56662223263993e-07
NA,6.56662223263993e-07
NA,6.56662223263993e-07
NA,6.56662223263993e-07
NA,6.56662223263993e-07
NA,6.56662223263993e-07
NA,6.56662223263993e-07
NA,6.56662223263993e-07
NA,6.56662223263993e-07
NA,6.56662223263993e-07
NA,6.56662223263993e-07
NA,6.56662223263993e-07
NA,6.56662223263993e-07
NA,6.56662223263993e-07
NA,6.56662223263993e-07
NA,6.56662223263993e-07
NA,6.56662223263993e-07
NA,6.56662223263993e-07
1753201,6.31915554549778e-07
NA,6.56662223263993e-07
1681651,1.26271124827326e-05
NA,6.56662223263993e-07
NA,6.56662223263993e-07
NA,6.56662223263993e-07
1582851,0.0174020864069462
NA,6.56662223263993e-07
1555451,0.0688330009579659
1443301,1.26271124827326e-05
NA,6.56662223263993e-07
NA,6.56662223263993e-07
NA,6.56662223263993e-07
NA,6.56662223263993e-07
NA,6.56662223263993e-07
NA,6.56662223263993e-07
1165351,0.0156247597187757
1165251,5.46769551874604e-05
489701,0.0096862493082881
