"id","prediccion"
NA,0.000137624447233975
3927251,0.00907635316252708
3927201,8.46182083478197e-05
3925501,0.00907635316252708
NA,0.000137624447233975
3924551,0.0257133599370718
3924301,0.00907635316252708
3924151,0.00405103527009487
3923901,6.71325615257956e-05
3923101,8.46182083478197e-05
3922701,0.000315753422910348
NA,0.000137624447233975
3921551,0.691930651664734
3921301,1.71491069522745e-06
3920751,8.18897842691513e-06
3920201,1.45770991366589e-06
NA,0.000137624447233975
NA,0.000137624447233975
3919351,0.00570352468639612
3918651,8.46182083478197e-05
3918051,8.46182083478197e-05
3917201,1.78412919922266e-05
3916551,0.142514616250992
3916951,0.00019103309023194
3916051,0.00534811895340681
3914951,0.000300808722386137
3914701,8.46182083478197e-05
3914251,2.60198121395661e-05
3913801,0.00907635316252708
3913351,8.46182083478197e-05
3913401,8.46182083478197e-05
NA,0.000137624447233975
3913001,0.00907635316252708
NA,0.000137624447233975
3902251,0.00165254983585328
3910301,8.46182083478197e-05
3909701,0.00405103527009487
3908301,9.98037990029843e-07
NA,0.000137624447233975
NA,0.000137624447233975
3906901,0.596363604068756
3906401,1.71491069522745e-06
3905601,8.89792208909057e-05
3904801,0.00015829034964554
3903901,0.00313310930505395
3904151,0.000139930110890418
3671701,0.00922044087201357
3903301,0.0003806171589531
NA,0.000137624447233975
3900001,0.000150676845805719
3901451,1.90349637705367e-05
3901301,4.37828166468535e-05
3899701,0.000207886070711538
NA,0.000137624447233975
NA,0.000137624447233975
3898201,0.00019103309023194
3897701,0.00907635316252708
3897401,3.8637295801891e-05
3896301,7.53515414544381e-05
3896451,0.0638462826609612
3896601,0.000111185705463868
3896551,0.0102006690576673
3895951,8.46182083478197e-05
3895701,0.00241357437334955
3893951,0.00907635316252708
3893101,0.0108393905684352
3893001,8.46182083478197e-05
3891701,0.0638462826609612
3891501,0.229771926999092
NA,0.000137624447233975
3890101,0.0139318397268653
NA,0.000137624447233975
NA,0.000137624447233975
NA,0.000137624447233975
3886251,0.00028618102078326
NA,0.000137624447233975
NA,0.000137624447233975
3884601,8.46182083478197e-05
3883901,9.47607040870935e-05
3883551,9.37514414545149e-06
3883351,0.229102849960327
3882201,0.0381687320768833
3882001,0.000107521052996162
3882051,0.51977127790451
NA,0.000137624447233975
3881251,9.98037990029843e-07
3880251,8.46182083478197e-05
3880051,0.000286826194496825
3879951,0.0025485975202173
3879701,0.0112449424341321
3707851,0.000615165452472866
3879101,0.00907635316252708
3878401,8.46182083478197e-05
3877901,0.0756563767790794
3877201,0.000111185705463868
3868101,0.000525270588696003
3567501,2.93847533612279e-05
3872351,0.00907635316252708
3870451,0.00907635316252708
3870001,0.000614713877439499
NA,0.000137624447233975
3868851,1.38457935463521e-05
3867951,0.000277401064522564
3868001,1.71491069522745e-06
NA,0.000137624447233975
3866301,0.00046779602416791
3866051,0.00286828633397818
3865301,6.99894080753438e-05
3864651,0.00907635316252708
NA,0.000137624447233975
3861901,0.0977998301386833
3861701,0.00461102928966284
NA,0.000137624447233975
3861001,8.46182083478197e-05
3860701,0.00648312317207456
3860651,0.000157255330123007
3860451,0.33326256275177
3859901,0.00228905212134123
3859851,0.000597542093601078
3859601,0.0129599450156093
3859401,0.124661177396774
NA,0.000137624447233975
NA,0.000137624447233975
3857451,8.46182083478197e-05
3857201,2.65646394836949e-05
3854451,0.0511519759893417
3856301,0.00907635316252708
3855751,0.0020686904899776
3855451,0.00461102928966284
NA,0.000137624447233975
3854551,0.0015283398097381
3854351,7.21881997378659e-06
3854301,8.46182083478197e-05
3853701,7.9714045568835e-05
3851451,4.27972736360971e-05
3851001,0.000154680164996535
3850701,0.000443837838247418
3850601,8.46182083478197e-05
3850201,6.31713410257362e-05
3849651,0.0112449424341321
NA,0.000137624447233975
NA,0.000137624447233975
3848401,8.46182083478197e-05
3847501,0.00461102928966284
3847351,6.25775210210122e-05
NA,0.000137624447233975
3846451,8.46182083478197e-05
3845501,1.10292940007639e-05
3845301,0.000831408135127276
3844801,1.99946634893422e-06
3843751,4.27972736360971e-05
NA,0.000137624447233975
3843201,8.46182083478197e-05
NA,0.000137624447233975
NA,0.000137624447233975
3841551,0.00405103527009487
3841201,7.69665984989842e-06
3841801,0.00907635316252708
3841051,0.00461102928966284
3840701,8.46182083478197e-05
3839501,1.2577907909872e-05
3838351,0.000785159238148481
3837501,0.00461102928966284
3837451,8.46182083478197e-05
3836751,1.92306142707821e-05
NA,0.000137624447233975
3835901,0.0124427787959576
3835301,0.00148480653297156
3834501,0.000315126118948683
3834401,3.21622610499617e-05
NA,0.000137624447233975
3834151,8.46182083478197e-05
3833301,0.0108393905684352
NA,0.000137624447233975
3831751,0.0238019675016403
3831401,8.46182083478197e-05
3830151,0.0174173880368471
3829451,0.00449521839618683
NA,0.000137624447233975
NA,0.000137624447233975
3828351,6.16332035860978e-05
3828451,1.99290188902523e-05
3828001,0.00461809756234288
3826151,8.46182083478197e-05
3825251,0.0208402574062347
3823601,0.000410092558013275
3823901,0.00205606687813997
3823551,0.000880355772096664
3823351,0.000305385328829288
3821551,0.0042996983975172
3822101,1.19518892915949e-06
NA,0.000137624447233975
NA,0.000137624447233975
NA,0.000137624447233975
3820951,0.00243394076824188
3820701,9.91471533779986e-05
3820101,0.00405103527009487
3819701,1.90349637705367e-05
3819301,9.65452909440501e-06
3819201,0.0257133599370718
NA,0.000137624447233975
NA,0.000137624447233975
NA,0.000137624447233975
NA,0.000137624447233975
3813251,0.365230172872543
3813601,6.91680543241091e-05
NA,0.000137624447233975
3809951,0.621316373348236
3809201,8.71572265168652e-05
NA,0.000137624447233975
3808401,3.81454628950451e-05
NA,0.000137624447233975
NA,0.000137624447233975
3806551,0.000597542093601078
3806201,5.78313811274711e-05
3805751,2.62902121903608e-05
3805301,9.19514206998429e-08
3804951,3.64377920050174e-05
3804851,0.00907635316252708
3804351,0.00461102928966284
3804051,8.92635580385104e-06
3803901,0.00907635316252708
NA,0.000137624447233975
NA,0.000137624447233975
NA,0.000137624447233975
3801151,1.6106808971017e-06
NA,0.000137624447233975
3800151,0.00907635316252708
3799751,0.0359338819980621
3799701,8.46182083478197e-05
3799051,8.46182083478197e-05
3799001,0.0346242114901543
3798251,4.42391574324574e-05
NA,0.000137624447233975
3797401,1.60352410603082e-05
NA,0.000137624447233975
3796901,0.0199361331760883
3796051,0.0420957170426846
3794601,2.41107750298397e-06
3793551,0.00131611456163228
NA,0.000137624447233975
3789451,0.000252147787250578
3791001,2.90531952487072e-05
NA,0.000137624447233975
3789301,0.00243394076824188
NA,0.000137624447233975
NA,0.000137624447233975
3788101,0.531817853450775
NA,0.000137624447233975
NA,0.000137624447233975
3787651,0.000548517156857997
3787101,0.000548517156857997
NA,0.000137624447233975
NA,0.000137624447233975
3785651,1.02028332094051e-06
NA,0.000137624447233975
3784251,0.00286214193329215
3784151,0.000721079530194402
NA,0.000137624447233975
NA,0.000137624447233975
NA,0.000137624447233975
3782451,0.0257133599370718
3781701,0.00528782093897462
3782651,0.0174173880368471
3780951,0.795416116714478
3780501,0.0157876871526241
3779201,0.191820174455643
3778951,1.18500647658948e-05
NA,0.000137624447233975
3777501,0.00461809756234288
3776701,0.880531430244446
3776401,0.000721079530194402
3775401,1.530044755782e-05
3774901,7.23669436411001e-05
3773901,6.46006446913816e-05
3773951,0.000111185705463868
3772451,4.27972736360971e-05
3772201,0.0774883553385735
3772101,0.000846989743877202
3770151,6.76293348078616e-06
3769801,0.00461102928966284
3591401,0.00125905720051378
3768351,0.00264758407138288
3766601,0.000419695104938
3766351,0.00907635316252708
3766251,0.0303422007709742
3764901,0.00907635316252708
3764401,0.880693197250366
3764051,0.463568508625031
3764201,4.27972736360971e-05
3763701,0.788731157779694
3763551,0.00019103309023194
NA,0.000137624447233975
3761901,0.00461102928966284
3761851,2.25417679757811e-05
3759251,0.884736120700836
3757301,0.00461102928966284
3757051,0.00595440436154604
3756801,0.000119266602268908
3756701,0.531817853450775
3756751,0.0291801225394011
3756401,0.00435104966163635
3755951,0.0738574266433716
NA,0.000137624447233975
3755051,0.00205606687813997
NA,0.000137624447233975
3754401,0.00187901395838708
NA,0.000137624447233975
NA,0.000137624447233975
NA,0.000137624447233975
3753151,4.27972736360971e-05
3753051,0.0291801225394011
NA,0.000137624447233975
NA,0.000137624447233975
NA,0.000137624447233975
NA,0.000137624447233975
3752351,0.844033777713776
3750101,0.000731094274669886
3751151,0.00461102928966284
3749451,0.00205291202291846
NA,0.000137624447233975
NA,0.000137624447233975
3748151,0.00413658563047647
3748101,4.27972736360971e-05
3747751,0.0781924054026604
3745201,0.453490376472473
3744401,0.252142041921616
NA,0.000137624447233975
NA,0.000137624447233975
2426051,0.000703884870745242
3741201,0.00461102928966284
3705251,0.000497706874739379
3740551,0.00104090885724872
3739551,8.03436414571479e-05
3738551,1.76774847204797e-05
3738401,4.27972736360971e-05
3738001,0.00141034566331655
3737851,0.00227805785834789
3736051,0.0278595089912415
3735901,0.000291998556349427
3735751,0.000110967841465026
3735151,1.75764398591127e-05
3735801,0.000820902292616665
3735201,0.000117298797704279
3734901,0.0270717069506645
3733651,1.58328221004922e-05
3733701,1.71491069522745e-06
3733551,0.00461102928966284
3733501,0.000111185705463868
3733051,0.0149964587762952
3732501,0.124661177396774
3732151,0.348198771476746
3728351,0.00461102928966284
3727751,0.00991931091994047
3725801,0.000123305420856923
3725751,0.0471343509852886
3724951,0.00205606687813997
3724301,0.552202761173248
3723701,0.00314825749956071
3724051,4.27972736360971e-05
3723501,4.0806066863297e-06
3723351,0.00461102928966284
3722901,2.25417679757811e-05
3721701,8.46182083478197e-05
3721251,9.53400667640381e-05
3721101,4.27972736360971e-05
3720351,0.000408645166317001
3719951,2.96278158202767e-05
3718451,0.00243394076824188
3718351,0.0623674690723419
3717401,0.00158601580187678
3716551,6.89042906287796e-07
3715551,4.28631537943147e-05
3711651,5.20496578246821e-05
3711501,8.46182083478197e-05
3709301,0.000630174414254725
3709151,0.776096761226654
3708501,0.0129599450156093
NA,0.000137624447233975
3706451,0.00671555753797293
3704951,4.27972736360971e-05
3704301,0.0174173880368471
3703251,0.532200992107391
3702501,0.000123305420856923
3667201,1.35838881760719e-05
3697651,3.32435083691962e-05
3697351,0.00243394076824188
3697201,0.00904084276407957
3696751,0.0131718814373016
3694401,0.00390760647132993
3693951,0.00867934897542
3693901,2.16784119402291e-05
3693651,4.27972736360971e-05
3693551,0.0131718814373016
3692751,0.0131718814373016
NA,0.000137624447233975
3690251,0.00725227873772383
3690201,0.00243394076824188
3689451,0.935787439346313
3689551,1.46873189805774e-05
3689401,0.000265011127339676
3688851,0.00258155236952007
3688901,9.32512011786457e-06
3688801,0.98230767250061
3687901,0.691930651664734
3686301,0.00405103527009487
3684151,0.000806543452199548
3680301,0.00399585207924247
3676951,0.00405103527009487
3676401,0.000120440905448049
3674751,0.000105294740933459
3674201,0.655713140964508
3670851,7.38594171707518e-05
3670651,0.00198796717450023
3668251,0.0346242114901543
3665351,0.00570559874176979
3665301,0.012398068793118
3665401,0.00032497791107744
3658851,0.000664928753394634
3661401,0.00907635316252708
3659951,0.00234093517065048
3658101,4.27972736360971e-05
3657301,0.00148480653297156
3655301,0.00399585207924247
3653751,0.0569368004798889
3652351,0.00399585207924247
3651401,0.0055056749843061
3651551,0.691930651664734
3650601,2.82737928500865e-05
3650151,0.00205291202291846
3648851,0.00480113923549652
3648301,0.0131718814373016
3645401,0.00205606687813997
3643401,0.000513751758262515
3642751,4.09670246881433e-05
NA,0.000137624447233975
3640151,0.00461102928966284
3638801,2.25417679757811e-05
3637201,0.0992189347743988
3636151,0.00480113923549652
3635251,0.00022792375239078
3632401,0.00148480653297156
3625701,4.10460561397485e-05
3624351,4.27972736360971e-05
3624301,4.42181517428253e-05
3623751,0.000989655149169266
NA,0.000137624447233975
3622751,0.00461102928966284
3622651,0.0102006690576673
3622801,0.0439554266631603
3622701,0.00461102928966284
3622001,1.71491069522745e-06
3621151,4.27972736360971e-05
3620351,4.45701734861359e-05
3620151,0.00461102928966284
3619551,0.00461102928966284
3619651,7.74808722781017e-06
3619601,4.27972736360971e-05
3619301,0.00461102928966284
3619151,0.00461102928966284
3619251,0.000183238458703272
3619201,3.80217034035013e-06
3618651,0.000111185705463868
3618351,4.2148578359047e-05
3617851,0.532204389572144
3617801,0.00461102928966284
3617551,1.46873189805774e-05
3617301,4.09670246881433e-05
3617201,0.00571913458406925
3616751,0.00480113923549652
3616801,0.00121074460912496
3616851,0.00034784254967235
3616601,3.36979974235874e-05
3616051,0.00461102928966284
3616101,4.07592815463431e-05
3615551,0.0291828121989965
3615901,0.000585350266192108
3615951,0.0025485975202173
3616001,0.00480113923549652
3615001,0.00461102928966284
3615101,4.27972736360971e-05
3614651,0.00032497791107744
2844201,0.425012946128845
3613951,0.00249584089033306
3613451,0.00416070641949773
3613401,0.00378328072838485
3613251,0.00413658563047647
3611801,0.000139990574098192
3612751,0.00210860394872725
3612251,4.27972736360971e-05
3611751,0.00393623346462846
3611301,0.363085240125656
3610301,4.27972736360971e-05
3610201,3.36979974235874e-05
3610251,0.0178393125534058
3609551,0.000982259167358279
3609451,0.000170484301634133
3608701,0.000167507008882239
3608751,0.000713716435711831
3608301,0.00416070641949773
3607951,0.000721079530194402
3607501,0.00049314834177494
3607251,0.00176245346665382
3606901,0.00210860394872725
3606601,1.19037176773418e-05
3606451,2.2086562239565e-05
3606301,0.00461102928966284
3606201,0.00243394076824188
3606101,0.00378587492741644
3605451,0.0128375375643373
3604951,0.379321604967117
3604901,4.27972736360971e-05
3604851,0.00243394076824188
3604801,1.19187689051614e-05
3604251,2.25417679757811e-05
3604201,0.00243394076824188
3604301,4.45701734861359e-05
3604001,4.45701734861359e-05
3603601,2.97420392598724e-05
3603951,0.00249584089033306
3603451,0.00243394076824188
3603501,0.0033728675916791
3603001,2.90403713734122e-05
3603051,1.46873189805774e-05
3602801,0.00210860394872725
3602751,0.0071635409258306
3602501,1.46873189805774e-05
3602351,4.27972736360971e-05
3602451,5.60459557163995e-06
3602401,0.00210860394872725
3601701,0.000220499525312334
3602001,1.46873189805774e-05
3601901,1.46873189805774e-05
3601501,0.00210860394872725
3601551,0.00500707654282451
3600601,2.04537827812601e-05
3600651,0.000785159238148481
3600201,0.00243394076824188
3600151,4.76481945952401e-05
3599901,0.00210860394872725
3599451,0.018405269831419
3599351,0.00028618102078326
3599301,0.00416070641949773
3599001,0.0174173880368471
3599051,2.90403713734122e-05
3598751,4.10460561397485e-05
3598001,0.117531821131706
3597551,0.887688457965851
3597601,0.0033728675916791
3597251,0.000622897758148611
3597151,0.000503032933920622
3596351,0.0244072843343019
3595051,0.00461102928966284
3595001,0.00480113923549652
3594751,9.0324539314679e-07
3594451,0.0809881538152695
3593701,0.0442153811454773
NA,0.000137624447233975
3592601,3.36979974235874e-05
3592451,0.0020511329639703
3592301,0.00202800380066037
3592251,2.04413809115067e-05
3590151,4.27972736360971e-05
3589651,0.034675695002079
3589251,4.27972736360971e-05
3589301,0.00500707654282451
3589051,4.84179963677889e-07
2868351,0.000736804387997836
3588001,0.00234093517065048
3586051,0.0014845117693767
3588501,0.00461102928966284
3588551,0.00461102928966284
3583251,3.19281170959584e-05
3583501,3.2960539101623e-05
3582901,6.60942077956861e-07
3582451,0.000743186741601676
3582651,1.41495393108926e-05
3582351,1.46873189805774e-05
3581701,4.27972736360971e-05
3578251,0.668609142303467
3577951,0.373970150947571
3051651,0.0055137611925602
3570551,0.304456919431686
3567551,0.000488892430439591
3562801,0.000548517156857997
3561101,0.00862004980444908
3559451,5.26924559380859e-05
3560001,1.71491069522745e-06
3558451,0.0673061683773994
3558351,0.0333422645926476
3558201,0.0168698541820049
3557701,1.61767475219676e-05
3556551,0.0154056269675493
3556051,5.90088347962592e-05
3555551,1.90349637705367e-05
3553701,0.463633388280869
3553651,4.45701734861359e-05
3553751,0.010183553211391
3553301,1.14181302706129e-05
3553251,0.00243394076824188
3552601,0.783981919288635
3550551,2.98101014095664e-07
3548901,2.73027421826555e-06
3548201,9.81762350420468e-05
3548251,3.00367391901091e-05
3547801,1.51912445289781e-05
3547251,0.000112028807052411
3546151,0.00148792541585863
2829351,0.00166680838447064
3543751,5.39358879905194e-05
3543701,0.908507227897644
3542401,3.8576978056426e-08
3542101,6.75651926940191e-06
3541501,0.000232171805691905
3541551,0.000218061933992431
3540801,0.186940714716911
3168301,0.00203489162959158
3539501,1.10076371129253e-05
3539151,0.990739941596985
3539051,1.28279389173258e-05
3532251,8.03663278929889e-05
3529651,0.00582208996638656
3527801,0.0113378716632724
3527851,1.49961751958472e-05
3527001,5.70266129216179e-05
3525701,0.0135893132537603
3525651,0.000112201458250638
3523051,0.0476539060473442
3522301,4.2107249100809e-06
3517801,0.00761983264237642
3517351,0.005203016102314
3516451,8.32280638860539e-05
3516101,0.000116669652925339
3515501,3.00367391901091e-05
2920951,0.0776470154523849
3511501,0.000221486698137596
3509801,0.000310741714201868
3508701,0.0756943821907043
3508001,0.0026758040767163
3507951,8.53676647238899e-06
3506651,8.39581389300292e-06
3505201,1.1613004744504e-06
3502901,5.07019066731118e-08
3502601,2.88419050775701e-05
3502501,1.56035298459756e-06
3502451,0.0228844005614519
3502401,6.70265071676113e-05
3502251,0.905921280384064
3501051,1.9505301679601e-05
3500801,0.000112028807052411
3499651,1.1613004744504e-06
NA,0.000137624447233975
NA,0.000137624447233975
NA,0.000137624447233975
NA,0.000137624447233975
3498001,7.11336056724576e-08
3497851,2.29267220674956e-06
3497451,0.000112028807052411
NA,0.000137624447233975
NA,0.000137624447233975
NA,0.000137624447233975
NA,0.000137624447233975
3493051,0.0360215343534946
3492851,0.00204441207461059
3490551,3.60830781573895e-05
NA,0.000137624447233975
NA,0.000137624447233975
3489751,0.000817503489088267
NA,0.000137624447233975
NA,0.000137624447233975
3489401,0.000112028807052411
3488851,1.13019368086498e-07
3486951,0.788731157779694
3486751,1.85429398698034e-05
3486401,2.29267220674956e-06
3484051,6.02784879788487e-08
3484101,0.835379838943481
3483001,0.09254489839077
3482951,2.20647107198602e-05
3482401,2.88419050775701e-05
3479801,2.88419050775701e-05
3479751,0.00708547700196505
3477851,3.43367901223246e-06
3476201,6.69848702727904e-07
3474951,2.19174285120971e-06
3474201,6.53491879347712e-05
3473701,2.04027560357645e-06
3473651,1.24442076412379e-05
3472651,5.90088347962592e-05
3472551,1.43001130936682e-07
3470701,0.000789579993579537
3470351,4.81746212699363e-07
3470751,1.51912445289781e-05
3468951,2.09411955438554e-05
3468401,7.69482539908495e-06
3466001,0.000671981950290501
3193951,0.00118644221220165
3461251,5.90088347962592e-05
NA,0.000137624447233975
3459751,1.51912445289781e-05
3459151,4.38379247498233e-05
NA,0.000137624447233975
3458351,0.00201401533558965
3457951,5.76248631034559e-08
NA,0.000137624447233975
NA,0.000137624447233975
3457101,0.00071116047911346
3456951,0.000175212320755236
3456751,0.00218326179310679
3456201,1.5912359003778e-06
3455551,0.000390569068258628
3454651,5.90088347962592e-05
3454351,1.43658212437003e-06
3453801,9.10243325051852e-05
3453201,1.34828842419665e-05
3453151,5.83534188081103e-07
3452051,3.77684017394131e-08
3451401,1.24039106594864e-05
3451501,9.95596792563447e-07
3449251,1.51912445289781e-05
3447901,0.000117647061415482
3447551,1.97413555724779e-05
3445501,2.68383178081422e-06
3444951,2.1071789888083e-05
3441901,0.00254138535819948
NA,0.000137624447233975
NA,0.000137624447233975
3435751,0.662883400917053
3435551,0.000621015671640635
3434951,8.03663278929889e-05
3434751,1.64800610491511e-06
3433251,3.00367391901091e-05
3432251,2.25417679757811e-05
3432001,4.36907566836453e-06
3432051,1.42191884151543e-05
3431751,0.00269112666137516
3431601,9.41200687520904e-06
3431051,2.63742379047471e-08
3430951,0.00020497250079643
3430601,6.17008336121216e-05
3429951,0.0353222116827965
3429601,3.00367391901091e-05
3429151,0.0200114026665688
3429051,3.89657288906164e-05
3428901,3.00367391901091e-05
3428401,5.1949464250356e-06
3427601,3.00367391901091e-05
3427201,0.00763012701645494
3427001,3.00367391901091e-05
3426601,0.00246808398514986
3426401,3.00367391901091e-05
3426251,5.93440927332267e-05
3425301,3.92059555451851e-05
3425101,2.25417679757811e-05
3425051,2.24965128836629e-06
3424701,2.25417679757811e-05
3424801,0.000116669652925339
3424451,2.25417679757811e-05
3424301,2.20997367250675e-06
3424151,2.25417679757811e-05
3423851,5.256675876808e-07
3422351,0.000450941908638924
3422151,3.00367391901091e-05
3421801,2.41522224442292e-09
3421451,0.000116669652925339
3421101,3.00367391901091e-05
3420351,8.44642345327884e-05
3420401,0.000569794385228306
3418751,0.00108149112202227
3418251,0.00480113923549652
3416401,0.00108149112202227
3415651,0.000116669652925339
3415501,2.25417679757811e-05
3414201,6.58602903058636e-06
3413801,7.21176638762699e-06
3413751,3.00367391901091e-05
3413101,3.00367391901091e-05
3412551,1.39667408802779e-05
3412251,0.000147448357893154
NA,0.000137624447233975
3410801,0.0861016511917114
3410651,4.45701734861359e-05
3410601,0.000116669652925339
3409901,0.000154778128489852
3409451,1.24442076412379e-05
3408751,0.000116669652925339
3407601,0.00334773352369666
3406701,0.0100884577259421
3402751,0.293990224599838
3402651,3.28870292110039e-10
3402501,3.00367391901091e-05
3401701,0.00285826623439789
3401201,2.56966741289943e-05
3401251,0.0025368242058903
3401001,3.00367391901091e-05
NA,0.000137624447233975
3400301,1.00258093880257e-05
3399951,0.00473132776096463
3399501,5.44957359238651e-08
3399551,0.000116669652925339
3399251,0.000116669652925339
3397451,2.94739165838109e-05
3396251,1.38938423788204e-06
3395951,0.18125319480896
3395801,0.00480113923549652
3394801,0.000565296446438879
3394301,5.01538488606457e-06
3393651,9.55576069827657e-07
3392451,0.0552849695086479
3392351,0.00318740517832339
3392251,4.11747441697585e-10
3389951,8.25121730940737e-08
3389451,3.00367391901091e-05
3388751,0.000154778128489852
3388401,4.51844073268148e-08
3386101,1.46444090205478e-05
3386001,3.00367391901091e-05
3385751,0.00593326007947326
3383001,3.00367391901091e-05
NA,0.000137624447233975
3381951,0.000116669652925339
3381051,7.42433121558861e-06
3378001,9.83098288998008e-07
3377401,1.16322818044523e-08
3375901,1.20557217542228e-08
3373701,2.94501631969979e-07
NA,0.000137624447233975
3370251,5.66628671094804e-07
3370151,3.39081907441141e-06
3369601,2.92380864266306e-05
3369451,2.21051177362597e-08
3368051,0.00480113923549652
3367451,2.73013842644332e-08
NA,0.000137624447233975
3365151,3.1203514936351e-06
3363301,2.09749741770793e-05
3362301,3.31780665874248e-06
3360701,2.46236613321571e-08
3354951,1.04846698434358e-07
3352951,2.57107876677765e-06
3352451,2.92380864266306e-05
3349801,2.39889436670637e-06
3349701,0.000113567541120574
3344651,0.0170610621571541
3344351,0.00261975592002273
3341101,7.93980177604681e-07
3335401,5.32166382072319e-07
3334951,2.8228935207153e-06
3334051,0.000103980557469185
3332451,2.27528835239355e-05
3329551,2.92380864266306e-05
NA,0.000137624447233975
NA,0.000137624447233975
3328451,9.58160768504968e-08
3321201,3.09650386043359e-05
3320001,1.71142585259076e-06
3319501,2.13474891097576e-06
3319051,1.62390665536805e-06
3318501,1.60726140729928e-10
3318701,4.61670015283744e-06
3317251,4.1103330659098e-06
3317101,7.40926907383255e-07
3316701,5.74397745367605e-05
3314451,0.153510347008705
3314051,7.35657645911658e-10
3312701,0.000451416475698352
NA,0.000137624447233975
3311301,0.012688678689301
3310351,8.98561211215565e-07
NA,0.000137624447233975
3310001,5.74397745367605e-05
3309851,1.08899530459894e-05
3308801,6.29997887191536e-10
3308251,1.43471311275789e-07
3307301,8.86041234480217e-05
3306701,5.30923671249184e-06
3306351,2.96630120466546e-09
3305651,1.41810528475617e-06
3305501,2.09106619877275e-05
3305151,4.04424536100123e-05
3302351,2.15498312172713e-05
3301101,4.29897930587231e-08
3300801,6.71405153696014e-09
3298301,6.64997709676207e-11
3297551,8.95660923561081e-06
3293751,1.01457835910423e-07
3293401,5.65187792744837e-06
3292801,5.46404024248659e-08
3292251,1.76442226802465e-05
NA,0.000137624447233975
3291951,1.85019223408744e-06
3289751,6.15244971413631e-07
3289251,3.48052338949856e-07
3288951,5.73127003633545e-08
3288801,8.86041234480217e-05
3288751,1.2903765309602e-05
3288601,2.1942416424281e-05
3288551,1.20724246244208e-06
3288351,0.000585216039326042
3286751,2.0323761873442e-07
3286201,2.81828619108637e-07
3283851,6.72295573167503e-05
3282501,0.0233106110244989
3282251,1.83662405106588e-06
3281501,1.521000747573e-08
3281201,1.81961586349644e-05
3279451,2.23185179493157e-05
3279601,2.0323761873442e-07
3279151,2.75294738116827e-08
3278501,6.47561391815543e-05
3278101,1.07472772015171e-07
3278051,6.22316235876497e-07
3277701,4.42511350229324e-07
3274951,3.00022179544612e-07
3274901,8.86041234480217e-05
NA,0.000137624447233975
NA,0.000137624447233975
3273051,0.00154906499665231
3273301,7.05808460566004e-08
3272851,1.71947806393291e-06
3272601,8.43520319904201e-06
3272251,8.86041234480217e-05
3271001,1.04638447737671e-05
3270551,1.649469361098e-08
NA,0.000137624447233975
3269401,3.33163416144089e-06
3204951,0.00214496534317732
3268651,2.12554738254767e-07
3267851,2.1942416424281e-05
3267451,2.63855836237781e-05
3267251,4.74878021350378e-08
3266851,3.7396765151243e-07
2506001,3.93060618080199e-05
3266501,0.000176698129507713
3266201,2.92815343527764e-06
3265401,6.5937711042352e-06
3265551,7.8408200351987e-05
3264101,1.67328821021329e-07
3263651,1.8878813534684e-07
3261951,0.00236937566660345
3261301,0.00993700046092272
NA,0.000137624447233975
3260351,2.66628262579616e-07
3258951,3.31244336848613e-07
3258051,4.58349838083905e-08
3257601,4.14258283853997e-06
3256801,6.64973285324777e-08
3256101,0.000190931459655985
NA,0.000137624447233975
3253751,0.000451416475698352
3253401,0.000474505184683949
3253301,1.32328111135394e-07
3252801,0.0185631103813648
3252301,6.45397477683218e-08
3251951,5.46620503882878e-06
3251301,5.96172311517762e-09
3250751,0.000940456346143037
3250701,0.000585216039326042
3247051,8.86041234480217e-05
3244701,1.29147659233553e-09
3244501,0.000585216039326042
3238951,2.57158634664467e-11
3238851,7.72390876591089e-07
3238751,0.000585216039326042
3237651,0.000585216039326042
3237301,6.5937711042352e-06
3237151,1.46423306812693e-09
3227951,0.000241130925132893
3236901,5.78075045609694e-08
3236501,8.86041234480217e-05
3236351,1.42391227200278e-05
3236101,8.86041234480217e-05
3235801,0.00859091337770224
NA,0.000137624447233975
3234751,2.1942416424281e-05
3234551,2.92815343527764e-06
3231701,0.0209833290427923
3232751,4.20179094362538e-05
3231201,2.92815343527764e-06
3231051,2.71346948466089e-07
3230401,7.5360803748481e-05
3229751,4.86216367789893e-06
3228901,0.00121878343634307
3226551,0.000192182051250711
3226401,0.000192182051250711
3224451,1.86563720490085e-05
3223601,0.00576854357495904
3223751,2.40741684365275e-07
3222851,3.48225426272109e-09
3222601,2.40741684365275e-07
3222301,5.17777039021894e-08
3221851,1.46105900711291e-08
3221051,2.40741684365275e-07
3219801,1.99316083637768e-08
NA,0.000137624447233975
3218101,5.63007415621541e-06
3217601,2.46350523314121e-10
3217201,8.86041234480217e-05
3216801,0.000540878332685679
3215651,2.72482765240056e-07
3215551,3.94328424135892e-07
NA,0.000137624447233975
3213001,7.31462876046862e-07
3213151,0.000585216039326042
3212251,0.00026733597042039
3212201,8.86041234480217e-05
3211751,0.000585216039326042
3210951,0.000480928079923615
3210851,2.7677478442456e-07
3210501,4.09892703112646e-10
3208551,0.00111008028034121
3208401,6.75042954867422e-09
3208201,0.000877239566762
NA,0.000137624447233975
3207301,0.000127255450934172
3205951,5.89307865084265e-06
3205601,4.86747849208768e-05
3205351,9.48964370763861e-05
3205251,3.66311525112906e-07
3204801,1.25086608022684e-05
3204551,0.0011629048967734
NA,0.000137624447233975
3203551,0.00034048905945383
3203251,0.0104779070243239
3202651,0.000893391144927591
3202301,2.74761714535998e-05
3202001,1.86318186479184e-06
3201901,0.00108685146551579
3201701,8.26414847665546e-08
3201201,0.00108685146551579
3200851,0.000164623765158467
3199001,6.43198987404503e-08
3198351,0.00835802685469389
3197901,8.61254889628071e-09
3197201,2.18134474039289e-07
3196351,1.06402779920245e-07
3195251,0.000164623765158467
3194651,3.92356529210769e-11
3193751,6.54621373996633e-07
3193101,0.00026733597042039
3192901,0.000164623765158467
3192401,0.000317518803058192
NA,0.000137624447233975
3190001,3.5199242120143e-05
3188701,2.87754915007099e-06
3188101,2.13133368731633e-08
3187501,0.0294381342828274
3187651,1.52371484318792e-07
3185801,4.0770712075755e-05
3185351,2.95670076866372e-07
3184551,0.000100957760878373
3184301,4.52555786978337e-06
NA,0.000137624447233975
3183101,2.091766873491e-06
3182501,1.62652767699001e-07
3182001,1.00797201696423e-07
3181751,0.000161185918841511
3181651,1.78376012627268e-05
3181301,4.95462472827057e-06
3180901,3.98961719838553e-06
3180451,6.34462594462093e-07
3179651,1.78142763616052e-05
3179051,2.03969847234475e-07
3178801,0.000451416475698352
3178501,0.0029754894785583
3178251,7.00987438904122e-05
3132601,0.00451652845367789
3176751,4.44078523287317e-07
3176251,1.69936702150153e-05
3175301,1.20927973057405e-06
3173551,2.5959681806853e-05
3173501,3.31133924191818e-06
3161101,0.0123948995023966
3172301,3.40023398166522e-05
3170651,0.00236937566660345
3167001,2.1942416424281e-05
3166651,1.03150796348928e-06
3164151,1.37900642585009e-05
3163201,7.55642020067171e-07
3162751,0.000331257469952106
3162251,1.87340901902644e-06
3160701,1.41799134212306e-07
3160601,2.5351184262945e-08
3160101,2.50003466817361e-07
NA,0.000137624447233975
3158002,0.365205109119415
3157651,0.000383507809601724
3157601,7.1302150850272e-09
3157301,0.000382017780793831
3156351,3.06701402053022e-08
3155651,4.95462472827057e-06
3155101,7.46584987609822e-07
3155001,1.09744561882508e-07
3152501,0.00314316619187593
3152101,0.000119223957881331
NA,0.000137624447233975
3151551,1.47873142850585e-05
NA,0.000137624447233975
NA,0.000137624447233975
3150701,1.73286679228113e-07
NA,0.000137624447233975
3148151,0.0104779070243239
3146901,0.00314316619187593
3144401,0.0104779070243239
3144301,0.00116164225619286
3143001,4.45830794504332e-09
3142751,0.000154837165609933
3142051,8.76081230671844e-06
NA,0.000137624447233975
3139651,3.03395404444018e-06
NA,0.000137624447233975
3138901,4.7038111006259e-06
3138551,1.65136668783816e-07
3138101,0.0104779070243239
3137451,3.24892290848311e-08
3137301,1.66910886036931e-05
3137151,2.74761714535998e-05
3136101,3.23899416798668e-06
3135551,0.00462629832327366
3135401,0.00103768112603575
3615151,0.000471140898298472
3134501,0.000251678953645751
3134301,0.00107848946936429
3134151,3.69403729827411e-09
3133351,0.0310038570314646
3132151,0.0297981314361095
3130901,0.0104779070243239
3129301,1.60541310378903e-06
3129451,2.23310462388326e-06
3129151,0.293436765670776
3128801,1.82287603820441e-05
3128551,1.5327452274505e-05
3126351,4.91510661504435e-07
3125101,0.00142629793845117
3124851,0.00314316619187593
3124451,4.33742229688505e-07
3124101,0.00159983220510185
3122501,1.99300004055658e-07
3122351,3.40991391567513e-05
3122201,2.18270095331263e-08
NA,0.000137624447233975
3117851,4.90780985273886e-05
3116351,1.33810249280941e-06
3116601,5.28606713956492e-09
3115601,1.6302369232335e-08
3114851,0.00165152200497687
3113601,5.78580220462754e-05
3108851,0.00125767523422837
3107301,2.99160980432589e-08
3107201,4.09415633839672e-06
3105751,0.000143107768963091
3105651,0.000178689093445428
3105201,0.00241529708728194
3104651,1.01128193819022e-06
3104301,2.37083996879051e-09
3103251,0.000245266332058236
3101951,0.000266309216385707
3101551,8.51279651215009e-07
3101001,1.23253794299671e-05
3100101,0.000184122734935954
2857251,0.000541511981282383
3096251,4.39507999772104e-07
3095501,0.00646570371463895
3092601,0.0157473273575306
3092101,1.59799637913238e-05
3091851,0.000872895121574402
3091451,3.07490608975058e-06
3088751,1.09812567927747e-08
3086801,0.0157473273575306
3086551,5.10608906267862e-08
3083001,4.28201929025818e-07
3081601,0.120340570807457
3081401,4.24831867462672e-08
3080801,3.07042398617341e-07
3079901,6.21402650722302e-05
3077651,0.000267102848738432
3077001,0.0130309788510203
3076951,0.000218054017750546
3076401,4.61276471241945e-07
3075001,0.00398221891373396
NA,0.000137624447233975
3073351,2.07528464670759e-05
3072501,0.0128702651709318
3071251,0.00158566993195564
3069901,1.88141480172987e-09
3069951,0.000952699047047645
3069751,0.000197864545043558
3069101,0.00020777530153282
3068901,0.0143284415826201
3068751,0.000952699047047645
3068401,1.13195994799753e-06
3025801,0.000188518810318783
3067901,2.54328877957732e-08
3066201,2.92751195729579e-07
3065151,0.000952699047047645
3062501,0.000238245775108226
3062301,0.00585665600374341
3061201,4.59206748928409e-05
3058351,4.15572039003109e-08
3058051,0.00191040791105479
3056701,1.11896961243474e-05
3056651,1.44555644965294e-06
3056051,0.000143155950354412
3054751,0.00825459603220224
3054451,0.00626211427152157
3054351,2.27891268878011e-05
NA,0.000137624447233975
3052151,4.47695924776781e-07
3051851,5.28172108715808e-07
3051051,3.79820960461075e-07
3049201,2.64869067905238e-05
3048751,4.33944987889845e-05
3048401,0.000238245775108226
3048201,6.50821384624578e-05
3048101,0.00626211427152157
3047901,1.55717927441401e-09
3047701,0.00207170890644193
3047401,0.000193267536815256
3046751,2.97017186312587e-06
3045701,0.00626211427152157
3044801,3.50620710243277e-09
3043851,2.96391036158639e-08
3043501,1.996444609631e-08
3042751,7.2887054614057e-08
3042501,8.76098711160012e-05
3042351,2.40752413560585e-08
3042251,0.00626211427152157
3042101,0.00134886824525893
3041401,0.00602973764762282
3037751,0.00167227082420141
3037301,0.00319223734550178
3035501,6.29686098818638e-07
3032951,9.50418962020194e-06
3032751,0.00216431682929397
3032651,0.000917164958082139
3032151,7.36961510483525e-07
3032001,0.00144468632061034
3031751,4.31956863167215e-07
3030401,7.44750252579252e-07
3027201,2.24485404487496e-07
3023351,2.52053183658063e-07
3022651,4.16374905398698e-06
3021901,0.00311037735082209
3021451,3.97113844030628e-08
3020201,5.14938947162591e-05
3021051,0.000376209238311276
3019851,2.50517359745572e-06
3018501,0.000370671652490273
NA,0.000137624447233975
3013801,0.000387208419851959
3013301,2.84215701640278e-07
3012951,2.17847784256264e-07
3012351,5.98837596044177e-06
3011001,9.01166519184926e-09
3010351,2.37544372794218e-05
3009851,5.57403552647884e-07
3009751,0.000369334622519091
3009651,0.00168127135839313
3009051,1.12270220142818e-06
3007251,1.98378447002767e-09
3007001,3.17392118631687e-06
3002601,2.07237135327887e-05
3001201,2.6450391032995e-06
3000701,0.000586911919526756
3000501,2.7088774004369e-05
3000301,0.000114381458843127
2999601,0.00874956417828798
2997601,2.32425136346137e-05
2997151,1.53990531543968e-05
2996751,0.0333735533058643
2996051,0.000397591007640585
2995351,0.000217860957491212
2994451,0.0867626890540123
2994151,1.74819181353314e-08
2993551,4.66974063584313e-11
2993451,1.02932917798171e-05
2992751,0.000906265166122466
NA,0.000137624447233975
2991901,0.000203879011678509
2991351,1.39560634124791e-05
2990401,3.80555276180417e-09
2990201,3.64393163181376e-05
2990101,0.000117507035611197
2990001,0.000119729462312534
2988951,0.00133396324235946
2988601,6.16820614141034e-07
2988651,0.000377961521735415
2988101,5.54105508854263e-06
2987951,6.64426843286492e-05
2987351,3.8845303151902e-07
2987201,0.000598778075072914
2986802,0.000227528347750194
2986501,0.000294795201625675
2986101,0.00204395479522645
2985351,3.38901045324747e-05
2985251,0.00370455579832196
2985201,0.000659319572150707
2984501,2.90011507786403e-06
2984201,1.00714914879063e-05
2984101,8.33555532153696e-06
2982601,0.00106935959775001
2982351,8.33555532153696e-06
2980351,4.1814001150442e-09
2980201,0.000324131018714979
2979151,0.000609510578215122
2978601,3.86346391678671e-06
2978551,0.000309846538584679
2978451,0.00204395479522645
2977851,0.00138655630871654
2977451,5.25937684869859e-06
2977501,8.75557543622563e-06
2976951,1.04888022178784e-05
NA,0.000137624447233975
NA,0.000137624447233975
2975801,0.0332618393003941
2975351,2.74911187148064e-08
2974601,4.99439829582116e-06
2973551,6.31314435395325e-07
2971451,9.47416356211761e-06
2971201,0.000255533086601645
2971101,1.75599393514858e-06
2970801,1.82029725692701e-06
2970601,0.00204395479522645
2968801,3.86677179164963e-09
2966951,0.00204395479522645
2966651,0.00204395479522645
2966201,0.000309846538584679
2966151,0.000309846538584679
2965501,5.47745671042321e-09
2964451,3.12428554138933e-08
2964151,0.000319120212225243
2963751,8.83181473909644e-06
2963551,2.4397115339525e-05
2961951,6.14606632254322e-09
2961901,9.22843610169366e-05
2961551,0.000182981981197372
2827551,0.00313165877014399
2960151,2.34266258303251e-06
2959201,1.62390697369119e-05
2957601,1.19989890663419e-05
2957651,8.90479213921935e-07
2955701,5.45669990970055e-06
2954501,9.93881712929578e-07
2954001,0.00204395479522645
2952051,9.22843610169366e-05
2950951,9.22843610169366e-05
2950502,3.01568348959336e-07
2949151,3.73522598238196e-05
2948701,0.000609510578215122
2947251,0.000309846538584679
2945751,0.00079239415936172
2944651,3.53855321009178e-05
2945151,1.51181966945302e-09
2944401,6.42985687591136e-05
2943701,7.03168698237278e-05
2943301,0.000338737299898639
2938301,3.91922731068917e-05
2939851,0.000781973882112652
2939401,0.000568443967495114
2938751,0.000146719059557654
2940351,0.000328125635860488
2934101,5.73870750031347e-07
2927501,0.000309846538584679
2927351,0.000482780946185812
2927151,0.0004527659912128
2925351,3.36684424837586e-05
2923851,0.000377961521735415
2923151,3.55963220499689e-06
2922851,3.36684424837586e-05
2922451,9.15279230184751e-09
2921851,3.25061471073695e-08
2921601,1.53560961280164e-07
2919701,3.04093214253953e-06
2918851,3.48230082636292e-06
2918351,1.00039760582149e-05
2917151,3.36684424837586e-05
2916701,3.36684424837586e-05
2916251,2.10887242246827e-06
2914751,7.23194098100066e-05
2914351,3.35803520101763e-07
2914001,1.62507512868615e-05
2911851,1.06431343738222e-06
2906501,3.36684424837586e-05
2906001,4.58217255072668e-05
2902151,0.000377961521735415
2898401,0.000101972320408095
2896801,2.68186431640061e-06
2896851,4.72669995588149e-07
2893901,0.00074662925908342
2892001,0.000242861147853546
2891701,0.00074662925908342
2891401,0.000113058187707793
2890901,0.00074662925908342
2889751,0.00010389591625426
2888401,0.000222443282837048
2888301,2.5720310077304e-05
2887851,9.1449936689969e-07
2887751,1.34567171699018e-05
2886801,0.000222443282837048
2886751,2.15145737456623e-05
2886051,0.000222443282837048
2885651,2.08201686291432e-06
2885201,1.52871616592165e-05
2884451,3.36684424837586e-05
2884851,3.85679322789656e-06
2883901,2.79967644019052e-05
2883251,0.00074662925908342
2882851,4.96511893288698e-05
2882301,0.000535481609404087
2882201,4.54078290204052e-05
2879301,2.0818350776608e-07
2876901,4.63191383914818e-07
2876501,1.42783096457322e-09
2876451,2.30219643526652e-06
2873051,2.45825084732587e-08
2871201,0.000113058187707793
2870351,0.000113058187707793
2869151,0.00074662925908342
2869101,3.36684424837586e-05
2867251,0.00074662925908342
2859351,7.81524036597148e-08
2859001,2.29038533916537e-07
2858501,0.000129746462334879
2857301,0.000113058187707793
2844901,1.85364865501469e-06
2827451,0.0248503126204014
2826551,1.9855483923692e-09
2824201,0.00074662925908342
2816151,0.00211780541576445
2816201,0.00292298966087401
2815851,2.52089733976391e-07
2815301,7.68694761177358e-08
NA,0.000137624447233975
2812751,7.56036570237484e-06
2812801,1.813657890537e-09
2812651,1.21199639124825e-06
2812501,2.7971728400189e-07
2811501,0.00074662925908342
2811601,1.75791719811969e-05
2811301,3.36684424837586e-05
2811051,1.52545826495043e-05
2810801,3.36684424837586e-05
2810701,0.000672738999128342
2810551,0.000673138885758817
2810051,5.47993579402828e-07
2809451,1.26143595480244e-06
2809051,1.3405846210901e-08
2808801,1.13042105454042e-07
2808851,0.000324131018714979
2808101,1.00395673143794e-05
2806751,1.56703550135973e-09
2805751,0.0528076514601707
2805201,0.00210415385663509
2804201,0.000255533086601645
2800801,3.19693725714387e-07
2799101,7.97325583334896e-09
2798651,7.30474130250514e-06
2798101,0.001225849497132
2797351,2.78449334700781e-07
2796501,0.00010389591625426
2796451,2.99069938591856e-06
2795951,1.58177754201461e-05
2794501,0.000113058187707793
2793151,1.86386053258047e-08
2792701,3.3079631975852e-05
2792351,3.67459833796602e-05
2792051,2.72442730420153e-06
2792001,0.000740072806365788
2791051,1.63772983796662e-06
2791001,2.17204501495871e-07
2790701,2.98983613902237e-05
2790351,2.43097892962396e-05
2790001,0.000577292812522501
2789751,2.25002031584154e-06
2790101,5.2408034889595e-07
2789651,3.04093214253953e-06
2789501,0.000113058187707793
2788951,0.000222443282837048
NA,0.000137624447233975
2788551,0.000113058187707793
2788001,3.18341858474014e-06
2787751,3.13087984977756e-05
2785951,2.88204205389775e-06
2785751,8.89590592123568e-06
2785801,7.75867903257677e-09
2784251,2.46704217943261e-07
2784001,0.00286591961048543
2783401,7.32934131519869e-05
2783351,4.63157903141109e-06
2783301,8.7590002806337e-08
2783251,1.41545811516153e-07
2783001,0.000418482581153512
2782151,0.0154584357514977
2782201,0.000186243865755387
2781651,3.61951533704996e-05
NA,0.000137624447233975
2780951,1.98380403162446e-05
2780051,1.41045948112151e-05
2779701,0.00433315569534898
2779251,1.24964185488352e-06
2779001,2.08539877348812e-05
2779051,1.86100282917323e-06
2778851,1.08010112853663e-06
2778601,1.75332643266302e-05
2778501,0.000113058187707793
2778201,3.36684424837586e-05
2776101,0.000113058187707793
2776001,3.72173963114619e-05
2775801,0.000222443282837048
2774951,5.73997840547236e-06
2744701,0.000417816918343306
2774901,0.000159713978064246
2774301,2.46024512762233e-07
2774151,3.24978282151278e-05
2772701,7.73320134612732e-05
2772551,0.00074662925908342
2771051,6.64067613342922e-07
2770551,0.000741932832170278
2770651,4.29257397627225e-06
2769651,1.91882577382785e-07
2767751,2.8428098630684e-06
2767501,0.000222443282837048
2767451,5.62749210075708e-06
2767201,1.41449493185064e-06
2767151,5.06228070662473e-06
2766851,7.75867903257677e-09
2765851,3.65381060873915e-06
2765051,0.000418518902733922
2764651,0.317036777734756
2764351,6.31781176707591e-07
2764201,0.000113058187707793
2763851,3.36684424837586e-05
2762801,0.00150384125299752
2761301,3.89224624086637e-05
NA,0.000137624447233975
2759701,2.99291059491225e-06
2759451,3.36684424837586e-05
2759351,0.205160468816757
2757701,0.0031146677210927
2757551,7.7932021946836e-10
2757301,0.000906911795027554
2756951,6.46973130642436e-05
2756701,9.8824966698885e-06
2755751,2.44355715040001e-06
2754701,4.45616819888528e-07
2754501,5.54635198568576e-06
2752051,0.000606481044087559
2751251,0.0503208450973034
2750951,0.00510335899889469
NA,0.000137624447233975
2748251,2.80203749980501e-07
2747501,0.000181815004907548
2746951,0.0105754919350147
2746651,9.15853888727725e-07
2746201,0.00147521228063852
2745151,5.75967931126797e-07
2744401,3.7952329989821e-07
2743551,0.000123720586998388
2743401,4.82137365906965e-05
NA,0.000137624447233975
2743101,8.66360205691308e-05
NA,0.000137624447233975
2742551,5.26049952895846e-05
2741501,9.62876129051438e-07
2740301,1.07893092717859e-05
2739651,0.0174648892134428
2740101,0.000217086722841486
2738951,9.11150345928036e-06
2738551,1.21926757401525e-06
2738351,4.47087529664714e-07
2736901,8.80133654845849e-08
NA,0.000137624447233975
2734051,1.75831803517212e-06
2732551,6.65694024064578e-05
2730701,0.00147521228063852
2611801,0.0777397379279137
2725651,0.000223521827138029
2723901,6.08285790804075e-06
NA,0.000137624447233975
2722801,4.60711561345306e-07
2722751,6.65694024064578e-05
2722001,3.78918286969565e-07
2721701,0.000324824883136898
2721551,1.18785546874278e-05
2721351,0.00531445536762476
2721151,8.81126197782578e-06
2720851,0.00199441728182137
2720101,2.72126953859697e-06
2719951,7.33147089704289e-06
2719601,5.90183026361046e-06
2719301,0.000223521827138029
2718901,0.000144910460221581
2717151,1.78009631781606e-05
2716901,6.65694024064578e-05
2716801,6.65694024064578e-05
2716301,0.0243296008557081
2715701,4.486610123422e-07
2715051,1.27787473047647e-07
2714701,0.000195535380044021
2714301,8.46004468257888e-07
2714151,0.000439734751125798
2714201,0.000147363462019712
2713301,9.91645538306329e-06
2712651,0.0268038809299469
2712251,3.41523275437794e-07
2711651,0.421531915664673
2710451,0.000107513165858109
2710302,3.54397506896476e-08
2710351,7.54608336137608e-05
2708701,0.000118921707326081
2702501,2.87043371827167e-06
2702451,0.000150315230712295
2701201,0.000237214015214704
2704151,4.39521609223448e-05
2704603,4.64145159639884e-05
2704701,2.57148349191993e-06
2705301,1.09684888229822e-05
2705151,5.54039569777842e-09
2693051,2.90255029540276e-05
2704401,0.000917179742828012
2704801,8.65906768012792e-05
2704651,6.65694024064578e-05
2704501,1.19526785056223e-05
2689801,1.09606128262385e-06
2688551,2.78941274700628e-06
NA,0.000137624447233975
2704351,6.65694024064578e-05
2704451,9.23178595257923e-06
2704552,0.000985754653811455
2704452,0.000364672421710566
2704453,0.000223521827138029
2704901,0.000236709951423109
2705051,0.015055182389915
2704654,2.75013371719979e-05
2681551,1.15458042273531e-05
2680751,1.29872682919085e-06
2704551,0.000439734751125798
2705101,1.49271798477457e-07
2678451,0.424177199602127
2677951,2.50704688369296e-05
2704704,0.000223521827138029
2704553,0.997555315494537
2704602,1.24683929243474e-05
2705601,3.78848089894745e-05
2675051,5.45741786481813e-05
2674051,7.38263270250172e-06
2673901,0.00167417130433023
2673401,2.7599091367847e-07
2704554,0.00290390872396529
2705851,0.000355958298314363
2704604,3.20801082125399e-05
2704456,0.00147521228063852
2705452,0.000223521827138029
2704705,5.54635198568576e-06
2669001,2.97881058486382e-07
2704557,6.65694024064578e-05
2668201,0.113448090851307
2667801,0.326001644134521
2704706,6.46619664621539e-05
2705351,5.22114714840427e-05
NA,0.000137624447233975
2705251,7.80589800797316e-07
2663051,4.56706948170904e-05
2662601,1.29259233290213e-05
2705501,9.99170733848587e-05
2705401,0.00011492953490233
2660201,0.00637444294989109
2705156,0.000370535970432684
2705053,1.09684888229822e-05
2704454,9.91645538306329e-06
2658201,0.00268550030887127
2704457,0.00147521228063852
2705602,0.000439734751125798
2656851,0.0133179649710655
NA,0.000137624447233975
2705451,0.000658150529488921
2705752,5.53598547412548e-05
2652601,6.19724573880376e-07
NA,0.000137624447233975
2704558,2.04674370252178e-06
2705751,3.30012371705379e-05
2705551,0.000223521827138029
2705951,2.20417023228947e-05
2646651,0.00857748556882143
2706251,2.17455399251776e-05
2705852,6.65694024064578e-05
2705901,1.75704076355032e-06
2705054,0.000223761060624383
2065151,0.00189177750144154
2705553,0.000174580287421122
2705555,3.21714032907039e-05
2705056,2.45049727709556e-06
2706302,9.94093056760903e-07
2705857,1.0082898370456e-05
2706101,7.96590320533141e-05
2705654,0.000223761060624383
2706155,3.45654552802444e-05
NA,0.000137624447233975
2705604,6.65694024064578e-05
NA,0.000137624447233975
2636701,0.00202859938144684
NA,0.000137624447233975
2706201,0.0945851877331734
2634601,0.145757645368576
2705158,3.78918286969565e-07
2704710,1.40042047860334e-05
2631051,0.00129399332217872
2631101,3.96250215999316e-05
2631001,0.00187240494415164
NA,0.000137624447233975
NA,0.000137624447233975
NA,0.000137624447233975
2706301,2.79270011560584e-06
2705557,4.47500997324823e-06
2706351,0.000439734751125798
2706052,1.07184700937069e-06
2621251,0.000179364054929465
2620801,0.00223703845404088
2620751,3.14158096443862e-05
2706401,4.1411545680603e-05
2706151,0.000192985971807502
NA,0.000137624447233975
NA,0.000137624447233975
NA,0.000137624447233975
2705556,6.31056536803953e-05
2705656,7.11006350684329e-07
2617201,1.66245099535445e-05
NA,0.000137624447233975
2616101,0.618577063083649
2705161,1.54013730480074e-06
2615001,0.00232565053738654
2614501,4.00224889745004e-05
2614351,8.35713944979943e-05
2614301,3.02481876133243e-05
2614251,1.29761538119055e-05
2613551,1.1891805115738e-05
2706053,1.81770224116917e-06
2611401,0.0105754919350147
2704562,0.000223521827138029
2705606,8.28415795695037e-05
2704656,0.000114657195808832
2705055,6.95937415002845e-05
2705605,2.25201310968259e-05
2705160,0.00156213517766446
2706058,8.91890010734642e-07
2705658,0.000207991921342909
NA,0.000137624447233975
2606151,0.000196416251128539
2605701,3.24139523399936e-06
NA,0.000137624447233975
NA,0.000137624447233975
2605751,0.242536336183548
2705165,3.8606944485764e-07
NA,0.000137624447233975
2706501,0.00433315569534898
2706156,7.8760394899291e-06
2704564,0.0010569078149274
2706157,6.58619183013798e-06
2704565,0.000439734751125798
2706057,2.70078289759113e-05
2706551,2.42035048358957e-06
2599551,3.06765286950395e-05
2706059,6.17188391061063e-07
2705561,0.0483648702502251
2706603,6.65694024064578e-05
2705657,2.79270011560584e-06
2705162,0.00147521228063852
2597001,6.98633357387735e-06
NA,0.000137624447233975
2596601,9.04433193227305e-07
NA,0.000137624447233975
2706601,0.00147521228063852
NA,0.000137624447233975
2704658,0.00210758089087903
2591301,0.000223521827138029
2704567,0.00111629185266793
2590501,0.000404867460019886
2705163,1.8282764358446e-05
2706062,0.00888922531157732
2706056,1.51961515371113e-07
2704657,0.000223521827138029
2586401,0.00176073121838272
2586151,9.76263345364714e-06
NA,0.000137624447233975
2706651,2.98513277812162e-05
2583301,4.98853114550002e-05
2704661,1.51961515371113e-07
2704662,0.00147521228063852
2704712,0.00199326267465949
2706701,0.000344000785844401
2704660,0.000568413059227169
2579651,7.90769445302431e-06
2705607,4.89760213895352e-06
2578501,5.70858856008272e-06
2705608,1.00857744200766e-06
2706060,0.00130150956101716
2705560,4.1411545680603e-05
2706752,0.00168766546994448
2570601,0.000194986336282454
2706703,1.01134746728349e-05
2706159,7.61718183639459e-05
2705610,0.000255758321145549
2706654,0.00010857630695682
2705612,7.93152321421076e-06
2706652,1.23362337944855e-06
2704713,2.95377731163171e-06
2562751,2.4453436708427e-05
2558001,6.66030643969862e-08
2706161,0.000151385684148408
2555501,2.64943452066291e-07
NA,0.000137624447233975
2705058,6.49598659947515e-05
NA,0.000137624447233975
NA,0.000137624447233975
2706655,1.41634961892123e-06
2704711,7.59870308684185e-05
NA,0.000137624447233975
2705168,7.78007233748212e-07
2548301,0.00103489751927555
2547101,0.000850776035804302
2706751,1.84049040399259e-05
2706160,1.93441937881289e-05
2373801,0.000120884571515489
2705057,5.06288915858022e-06
2545851,5.3728837201561e-07
2705609,2.08648471016204e-05
2705169,0.000127815350424498
2544401,0.000180647548404522
2544001,9.02029423741624e-05
2314251,0.0032121071126312
2706163,0.733473241329193
2704570,6.02347281528637e-05
2706704,0.716138899326324
NA,0.000137624447233975
2704571,5.40398323209956e-05
2541101,0.000178576330654323
2540101,1.22160463433829e-05
2539751,0.000178576330654323
2539351,5.57285693503218e-06
NA,0.000137624447233975
2706064,0.00295476708561182
2538651,0.0124156968668103
2705660,1.42709200190438e-06
2706656,9.13729491003323e-06
2533301,3.69440531358123e-05
2532851,0.000127815350424498
2531301,0.000127815350424498
2530301,1.09697737116221e-06
NA,0.000137624447233975
2523951,1.93441937881289e-05
2523101,0.000706011196598411
NA,0.000137624447233975
2522601,0.000179887982085347
NA,0.000137624447233975
NA,0.000137624447233975
NA,0.000137624447233975
2521701,1.73271309904521e-05
2521351,7.96953536337242e-05
NA,0.000137624447233975
2520801,1.93441937881289e-05
NA,0.000137624447233975
NA,0.000137624447233975
NA,0.000137624447233975
2520151,2.7538724225451e-06
2520501,1.23362337944855e-06
2519001,1.19869237096282e-05
2518201,0.000127815350424498
2517451,0.000127815350424498
2517001,0.158199444413185
2516751,6.49598659947515e-05
2516201,0.000137765207909979
2513901,1.55810323576588e-06
2513651,1.37994975375477e-05
2512551,1.60867202794179e-05
NA,0.000137624447233975
2511901,8.98217476787977e-05
2511551,0.732217133045197
NA,0.000137624447233975
2510501,0.0504690743982792
NA,0.000137624447233975
NA,0.000137624447233975
2509301,1.93441937881289e-05
NA,0.000137624447233975
2507451,0.00383512792177498
2505551,0.000127815350424498
2504551,0.00100850209128112
2503301,8.50287688081153e-06
2502801,6.05413188168313e-05
2501401,0.00495585007593036
NA,0.000137624447233975
2500651,8.73230310389772e-05
2500501,3.1699960345577e-07
2497951,1.63903609973204e-06
NA,0.000137624447233975
2496001,3.42491125593369e-06
NA,0.000137624447233975
2494151,9.40362588153221e-05
2493951,4.28727253165562e-05
2493901,0.00189240695908666
2493051,0.000127815350424498
2492151,2.32012571359519e-05
2491651,7.47109325516249e-08
2491401,1.93441937881289e-05
2490901,4.21247095800936e-05
2487901,1.73501975950785e-05
2487651,1.93441937881289e-05
NA,0.000137624447233975
2486301,4.32576234743465e-06
2485901,7.8086452504067e-07
2484801,3.00331521430053e-06
2484301,0.000127815350424498
2483551,8.73230310389772e-05
2482951,4.50867446488701e-07
2481551,8.72122498662975e-08
2481401,2.95244990411447e-05
NA,0.000137624447233975
2480951,8.82100066519342e-05
2480751,6.85074246575823e-06
2477301,7.67350513797282e-07
2475401,2.22115858150573e-07
NA,0.000137624447233975
2474901,0.00505901919677854
NA,0.000137624447233975
2474751,5.60226435482036e-05
2474101,0.0227817669510841
2473551,3.17854187414923e-07
2472651,9.79590595306945e-07
2472701,0.00150017195846885
2472351,7.02032184562995e-06
2471401,0.000220504574826919
2471351,3.24376082971867e-06
2470401,0.000127815350424498
2470151,1.24551445424004e-06
2469551,0.0442772544920444
2469201,0.0194232165813446
2468201,0.000244814495090395
2467401,1.63069034897489e-05
2467351,0.000127815350424498
2463901,0.00694268383085728
2462801,3.25111000165634e-06
2459301,1.03853071777849e-05
2459051,0.00017783667135518
2458851,1.93441937881289e-05
2458651,3.42491125593369e-06
2458701,1.34788857852897e-09
2457501,9.19928169196282e-08
2456701,5.7639706341206e-08
2456401,0.000168304643011652
NA,0.000137624447233975
2456001,7.22674997177819e-07
2455151,1.18870202641119e-05
NA,0.000137624447233975
NA,0.000137624447233975
2445751,0.000178337257239036
NA,0.000137624447233975
2443751,4.14148985328211e-07
2443351,0.000127815350424498
2443251,1.93441937881289e-05
NA,0.000137624447233975
NA,0.000137624447233975
NA,0.000137624447233975
2441901,1.83907289397212e-07
2441101,2.50003267865395e-06
2440751,0.000296172773232684
2438101,0.000408039661124349
2433201,0.000127815350424498
NA,0.000137624447233975
NA,0.000137624447233975
NA,0.000137624447233975
2432551,0.00028547685360536
2429151,6.67148970023845e-06
2427101,1.57977410708554e-05
2424551,0.000371436064597219
NA,0.000137624447233975
NA,0.000137624447233975
2423451,1.05026556411758e-05
2423551,0.00173816166352481
2423251,2.25973853957839e-05
2422001,0.0230026133358479
2421751,2.32664879149524e-05
2421401,5.77720129513182e-06
2420501,0.00239334581419826
2420051,0.000588028167840093
2420101,5.20581488672178e-05
2419801,0.247575774788857
NA,0.000137624447233975
2418051,1.33723860926693e-05
NA,0.000137624447233975
2412401,0.00104858470149338
2411451,0.000166993340826593
2411151,0.000324142165482044
2411051,0.000247546122409403
NA,0.000137624447233975
NA,0.000137624447233975
NA,0.000137624447233975
2408051,0.000470567756565288
2407601,9.00837185326964e-05
2406701,3.95226343243849e-05
NA,0.000137624447233975
2404051,0.000188004545634612
2404001,0.000188004545634612
2403801,0.000983026460744441
2402451,0.29818931221962
2402101,0.00150017195846885
2401851,0.000673626956995577
2401351,0.012520276941359
NA,0.000137624447233975
2400301,0.00182170665357262
2396951,0.000410824839491397
NA,0.000137624447233975
2395251,1.20911490739672e-05
2395001,0.121281854808331
NA,0.000137624447233975
2393851,1.20911490739672e-05
2393651,4.58898975921329e-05
2391651,0.000115024151455145
2391451,0.00038419829797931
2390301,0.00995190162211657
1984551,0.00249875709414482
2389451,7.45833131077234e-06
2388351,8.43983343656873e-07
NA,0.000137624447233975
2388301,7.45833131077234e-06
NA,0.000137624447233975
NA,0.000137624447233975
2385301,1.12866575818771e-06
2382551,7.45833131077234e-06
2382251,0.00173816166352481
2380451,0.0155862672254443
2379951,2.0576683255058e-06
2379851,1.12866575818771e-06
2379701,2.59889361586829e-06
NA,0.000137624447233975
2377501,2.2688916487823e-06
NA,0.000137624447233975
2376551,2.97048791253474e-05
NA,0.000137624447233975
2376101,0.00061319099040702
2376051,0.00022909787367098
NA,0.000137624447233975
2375051,0.00428586313501
2372901,7.45833131077234e-06
2368451,0.0106423646211624
2368251,9.3364742497215e-06
NA,0.000137624447233975
2367251,2.3657395331611e-07
NA,0.000137624447233975
2363701,0.0002123177255271
2363401,7.45833131077234e-06
NA,0.000137624447233975
NA,0.000137624447233975
2359201,1.55562065629056e-05
NA,0.000137624447233975
NA,0.000137624447233975
2339801,0.000890858937054873
NA,0.000137624447233975
NA,0.000137624447233975
NA,0.000137624447233975
NA,0.000137624447233975
NA,0.000137624447233975
2330651,0.00477788131684065
2329951,1.22950777949882e-05
NA,0.000137624447233975
2328501,6.2900789998821e-07
2326801,0.00323379226028919
2326751,1.8057433408103e-05
NA,0.000137624447233975
2323601,8.36656226965715e-07
2323151,0.00447033206000924
2321901,0.000193579035112634
2321801,1.167951850789e-07
2317151,0.000330024980939925
2317751,6.16323205804292e-08
2315951,4.78304582429701e-06
2311151,5.4453653319797e-07
NA,0.000137624447233975
2309401,1.52131610775541e-06
2307351,4.71974963147659e-05
2305951,0.00019225683354307
2303601,9.83309291768819e-07
2302001,1.28335472027175e-07
2300051,1.12866575818771e-06
2298801,4.86334647575859e-06
2298501,4.8305417976735e-07
2295901,7.59639817715652e-07
2290651,2.57258216151968e-06
2288601,1.42746600317878e-07
2288151,2.7890462661162e-05
2286851,3.37083884005551e-06
NA,0.000137624447233975
2283651,4.58601834907313e-06
2181901,0.00194345519412309
2281601,1.90501751262673e-07
2280551,3.73101429431699e-05
2280401,8.25542599613982e-07
2279351,4.07478296438057e-07
NA,0.000137624447233975
2275901,6.76316517456144e-07
NA,0.000137624447233975
NA,0.000137624447233975
2268051,2.24379618884996e-05
2266751,7.45833131077234e-06
2266401,6.15856663443992e-08
NA,0.000137624447233975
2262951,1.14751665023505e-05
2261751,1.12866575818771e-06
2258151,0.253581464290619
2256701,0.000104431390354875
2256501,0.00610848655924201
2256301,1.99839632841758e-05
NA,0.000137624447233975
NA,0.000137624447233975
NA,0.000137624447233975
NA,0.000137624447233975
NA,0.000137624447233975
NA,0.000137624447233975
NA,0.000137624447233975
NA,0.000137624447233975
2250551,1.00306385775184e-06
2250001,5.55855095285551e-08
2248351,7.45833131077234e-06
2245051,1.03837646747706e-06
NA,0.000137624447233975
NA,0.000137624447233975
NA,0.000137624447233975
2242601,9.45257852436043e-05
2239951,3.79034645447973e-06
NA,0.000137624447233975
2235901,2.13983694266062e-05
NA,0.000137624447233975
NA,0.000137624447233975
NA,0.000137624447233975
2230851,1.12866575818771e-06
2228401,7.23686753190123e-07
NA,0.000137624447233975
2225701,1.01697111176691e-07
NA,0.000137624447233975
2225151,9.58575355980429e-07
2214701,7.45833131077234e-06
2211751,3.29948797173074e-08
2207651,2.8727463359246e-05
2207201,3.43915507983183e-06
2206851,1.12866575818771e-06
2204601,1.28569643820242e-08
NA,0.000137624447233975
NA,0.000137624447233975
2194701,1.18222476430674e-06
NA,0.000137624447233975
NA,0.000137624447233975
NA,0.000137624447233975
NA,0.000137624447233975
2186701,5.44848205663584e-07
2179451,1.12866575818771e-06
2178151,1.12866575818771e-06
NA,0.000137624447233975
2176501,0.149803087115288
NA,0.000137624447233975
2173801,7.58540409151465e-05
NA,0.000137624447233975
NA,0.000137624447233975
2171001,1.12866575818771e-06
2169751,0.000844472204335034
NA,0.000137624447233975
NA,0.000137624447233975
2160851,3.86287092624116e-06
2159901,1.32212599055492e-05
2159851,2.0007767034258e-06
2158701,1.32212599055492e-05
2157851,4.60703313365229e-06
2156951,2.0007767034258e-06
2153951,2.37461918004556e-05
NA,0.000137624447233975
2139001,1.26311044823524e-06
2134301,2.33429727813927e-06
2133251,5.25347149959998e-06
2128401,1.9107672244445e-07
2126151,1.13139321911149e-05
2125901,0.00982410740107298
2123901,2.75037359642738e-06
2122901,1.32212599055492e-05
2118201,0.000123503225040622
2113901,2.81881802948192e-05
2112451,0.0012469437206164
NA,0.000137624447233975
NA,0.000137624447233975
2107901,1.32212599055492e-05
2107651,0.0112186335027218
2106851,4.55697744428107e-07
2105701,1.90096091046144e-06
2105351,2.44795364778838e-06
2096801,0.000900176062714309
2097051,1.09172724194195e-07
2093551,2.0007767034258e-06
2093001,7.23761258996092e-05
2091851,0.000258568121353164
2090801,1.93055655017815e-07
2089801,1.67959990449162e-06
NA,0.000137624447233975
2086101,1.27832436191966e-05
2082801,2.0007767034258e-06
2080651,1.92341358342674e-05
2080251,9.17573415790685e-05
2079951,0.000526453251950443
2076001,6.88080308464123e-06
2070351,1.32212599055492e-05
2069951,2.0007767034258e-06
2069451,2.0007767034258e-06
2066301,2.69682436737639e-06
2063751,4.83990588691086e-05
2060301,2.43269391830836e-06
2059801,0.00685007125139236
2058551,6.99413433835616e-08
2054551,5.6238693701971e-08
2052201,2.0007767034258e-06
2052151,1.32212599055492e-05
2045701,0.00135358981788158
2042801,3.57395208538946e-07
NA,0.000137624447233975
2038801,5.09526489622658e-06
2037001,6.65516927256249e-05
NA,0.000137624447233975
NA,0.000137624447233975
2029901,1.39974890771555e-05
NA,0.000137624447233975
NA,0.000137624447233975
2026101,2.00109298020834e-05
2024801,0.00355434254743159
2024751,6.68666825731634e-06
NA,0.000137624447233975
NA,0.000137624447233975
2021801,0.00241581886075437
NA,0.000137624447233975
NA,0.000137624447233975
NA,0.000137624447233975
NA,0.000137624447233975
NA,0.000137624447233975
NA,0.000137624447233975
2012901,0.00401836354285479
2012651,2.63671445281943e-05
2703702,8.41488656533329e-07
NA,0.000137624447233975
2002251,3.64247557627095e-06
NA,0.000137624447233975
NA,0.000137624447233975
NA,0.000137624447233975
NA,0.000137624447233975
NA,0.000137624447233975
NA,0.000137624447233975
NA,0.000137624447233975
1978451,1.4290269234607e-07
1977501,2.36313070445249e-07
NA,0.000137624447233975
NA,0.000137624447233975
NA,0.000137624447233975
1965501,2.62143589679908e-06
NA,0.000137624447233975
1956701,9.81410448730458e-06
NA,0.000137624447233975
NA,0.000137624447233975
NA,0.000137624447233975
NA,0.000137624447233975
NA,0.000137624447233975
NA,0.000137624447233975
NA,0.000137624447233975
NA,0.000137624447233975
NA,0.000137624447233975
NA,0.000137624447233975
NA,0.000137624447233975
NA,0.000137624447233975
NA,0.000137624447233975
NA,0.000137624447233975
NA,0.000137624447233975
NA,0.000137624447233975
NA,0.000137624447233975
NA,0.000137624447233975
NA,0.000137624447233975
NA,0.000137624447233975
NA,0.000137624447233975
1753201,0.000360597943654284
NA,0.000137624447233975
1681651,1.20416671052226e-05
NA,0.000137624447233975
NA,0.000137624447233975
NA,0.000137624447233975
1582851,0.000257506326306611
NA,0.000137624447233975
1555451,1.72450199897867e-05
1443301,1.5851850321269e-07
NA,0.000137624447233975
NA,0.000137624447233975
NA,0.000137624447233975
NA,0.000137624447233975
NA,0.000137624447233975
NA,0.000137624447233975
1165351,7.39538279503904e-07
1165251,0.000130736254504882
489701,8.6630637952112e-07
